<?xml version="1.0" encoding="utf-8"?>
<!-- edited with XMLSPY v2004 rel. 2 U (http://www.xmlspy.com) by Anton Strenger (Firaxis Games) -->
<Context>
	<!--=======================================================================================================================-->
	<!-- Button Instance
	<!--=======================================================================================================================-->
	<Instance Name="ButtonBNW">
		<Button ID="Button" Size="64,64" Texture="64x64FrameButtons.dds" >
			<ShowOnMouseOver>
				<AlphaAnim Anchor="R,C" AnchorSide="O.O" Offset="-9,0" Size="16,32" TextureOffset="16.0" Texture="buttonsidesglow.dds" Pause="0" Cycle="Bounce" Speed="1" AlphaStart=".99" AlphaEnd=".25"/>
				<AlphaAnim Anchor="L,C" AnchorSide="O.O" Offset="-9,0" Size="16,32" Texture="buttonsidesglow.dds" Pause="0" Cycle="Bounce" Speed="1" AlphaStart=".99" AlphaEnd=".25"/>
				<Image Anchor="R,C" Offset="-9,0" TextureOffset="8,0" AnchorSide="O.O" Texture="buttonsides.dds" Size="8,16"/>
				<Image Anchor="L,C" Offset="-9,0" AnchorSide="O.O" Texture="buttonsides.dds" Size="8,16"/>
			</ShowOnMouseOver>
			<Image ID="Image" Size="64,64"/>
		</Button>
	</Instance>
	<!--=======================================================================================================================-->
	<!-- Instance of a list item -->
	<!--=======================================================================================================================-->
	<Instance Name="ListItemInstance">
		<Button ID="ListItemButton" Anchor="L,C" Size="256,22" Texture="CivilopediaSideButtons22.dds" ToolTipType="TypeRoundImage">
			<ShowOnMouseOver>
				<AlphaAnim Anchor="C,C" Size="272,22" Pause="0" Cycle="Bounce" Speed="1" AlphaStart="1" AlphaEnd=".25">
					<Image Anchor="C,C" Offset="-1,0" Texture="CivilopediaSideButtons272x22HL.dds" Size="272,22"/>
				</AlphaAnim>
				<AlphaAnim Anchor="R,C" AnchorSide="O.O" Offset="9,-1" Size="16,32" TextureOffset="16.0" Texture="buttonsidesglow.dds" Pause="0" Cycle="Bounce" Speed="1" AlphaStart=".99" AlphaEnd=".25"/>
				<AlphaAnim Anchor="L,C" AnchorSide="O.O" Offset="11,-1" Size="16,32" Texture="buttonsidesglow.dds" Pause="0" Cycle="Bounce" Speed="1" AlphaStart=".99" AlphaEnd=".25"/>
				<Image Anchor="R,C" Offset="2,-1" TextureOffset="8.0" AnchorSide="O.O" Texture="buttonsides.dds" Size="8,16"/>
				<Image Anchor="L,C" Offset="2,-1" AnchorSide="O.O" Texture="buttonsides.dds" Size="8,16"/>
			</ShowOnMouseOver>
			<Label ID="ListItemLabel" Anchor="L,C" Offset="12,-2" Font="TwCenMT16" TruncateWidth="244" ColorSet="Beige_Black_Alpha" FontStyle="Shadow" String=""/>
		</Button>
	</Instance>
	<!--=======================================================================================================================-->
	<!-- Instance of a list heading -->
	<!--=======================================================================================================================-->
	<Instance Name="ListHeadingInstance">
		<Button ID="ListHeadingButton" Anchor="L,C" Size="254,27" Offset="1,0" Texture="CivilopediaButtons272x27.dds">
			<Label ID="ListHeadingLabel" Anchor="L,C" Offset="0,-2" Font="TwCenMT18" ColorSet="Beige_Black_Alpha" FontStyle="Shadow" String="- Era Name Open Example"/>
		</Button>
	</Instance>
	<!--=======================================================================================================================-->
	<!-- Instance of a Great Works button -->
	<!--=======================================================================================================================-->
	<Instance Name="GreatWorksInstance">
		<Container ID="GreatWorksButton" Size="64,64">
			<Image ID="GreatWorksImage" Anchor="C,C" Texture="GreatWorks.dds" Size="32,32"/>
		</Container>
	</Instance>
	<!--=======================================================================================================================-->
	<!-- Instance of a prerequisite technology button -->
	<!--=======================================================================================================================-->
	<Instance Name="PrereqTechInstance">
		<Button ID="PrereqTechButton" Size="64,64" Texture="64x64FrameButtons.dds" ToolTip="TXT_KEY_PEDIA_TECHNOLOGY_NAME">
			<ShowOnMouseOver>
				<AlphaAnim Anchor="R,C" AnchorSide="O.O" Offset="-9,0" Size="16,32" TextureOffset="16.0" Texture="buttonsidesglow.dds" Pause="0" Cycle="Bounce" Speed="1" AlphaStart=".99" AlphaEnd=".25"/>
				<AlphaAnim Anchor="L,C" AnchorSide="O.O" Offset="-9,0" Size="16,32" Texture="buttonsidesglow.dds" Pause="0" Cycle="Bounce" Speed="1" AlphaStart=".99" AlphaEnd=".25"/>
				<Image Anchor="R,C" Offset="-9,0" TextureOffset="8,0" AnchorSide="O.O" Texture="buttonsides.dds" Size="8,16"/>
				<Image Anchor="L,C" Offset="-9,0" AnchorSide="O.O" Texture="buttonsides.dds" Size="8,16"/>
			</ShowOnMouseOver>
			<Image ID="PrereqTechImage" Anchor="C,C" Texture="TechnologyAtlas512.dds" Size="64,64"/>
		</Button>
	</Instance>
	<!--=======================================================================================================================-->
	<!-- Instance of a "leads to" technology button -->
	<!--=======================================================================================================================-->
	<Instance Name="LeadsToTechInstance">
		<Button ID="LeadsToTechButton" Size="64,64" Texture="64x64FrameButtons.dds" ToolTip="TXT_KEY_PEDIA_TECHNOLOGY_NAME">
			<ShowOnMouseOver>
				<AlphaAnim Anchor="R,C" AnchorSide="O.O" Offset="-9,0" Size="16,32" TextureOffset="16.0" Texture="buttonsidesglow.dds" Pause="0" Cycle="Bounce" Speed="1" AlphaStart=".99" AlphaEnd=".25"/>
				<AlphaAnim Anchor="L,C" AnchorSide="O.O" Offset="-9,0" Size="16,32" Texture="buttonsidesglow.dds" Pause="0" Cycle="Bounce" Speed="1" AlphaStart=".99" AlphaEnd=".25"/>
				<Image Anchor="R,C" Offset="-9,0" TextureOffset="8,0" AnchorSide="O.O" Texture="buttonsides.dds" Size="8,16"/>
				<Image Anchor="L,C" Offset="-9,0" AnchorSide="O.O" Texture="buttonsides.dds" Size="8,16"/>
			</ShowOnMouseOver>
			<Image ID="LeadsToTechImage" Anchor="C,C" Texture="TechnologyAtlas512.dds" Size="64,64"/>
		</Button>
	</Instance>
	<!--=======================================================================================================================-->
	<!-- Instance of a "obsolete" technology button -->
	<!--=======================================================================================================================-->
	<Instance Name="ObsoleteTechInstance">
		<Button ID="ObsoleteTechButton" Size="64,64" Texture="64x64FrameButtons.dds" ToolTip="TXT_KEY_PEDIA_TECHNOLOGY_NAME">
			<ShowOnMouseOver>
				<AlphaAnim Anchor="R,C" AnchorSide="O.O" Offset="-9,0" Size="16,32" TextureOffset="16.0" Texture="buttonsidesglow.dds" Pause="0" Cycle="Bounce" Speed="1" AlphaStart=".99" AlphaEnd=".25"/>
				<AlphaAnim Anchor="L,C" AnchorSide="O.O" Offset="-9,0" Size="16,32" Texture="buttonsidesglow.dds" Pause="0" Cycle="Bounce" Speed="1" AlphaStart=".99" AlphaEnd=".25"/>
				<Image Anchor="R,C" Offset="-9,0" TextureOffset="8,0" AnchorSide="O.O" Texture="buttonsides.dds" Size="8,16"/>
				<Image Anchor="L,C" Offset="-9,0" AnchorSide="O.O" Texture="buttonsides.dds" Size="8,16"/>
			</ShowOnMouseOver>
			<Image ID="ObsoleteTechImage" Anchor="C,C" Texture="TechnologyAtlas512.dds" Size="64,64"/>
		</Button>
	</Instance>
	<!--=======================================================================================================================-->
	<!-- Instance of a "Upgrade" button -->
	<!--=======================================================================================================================-->
	<Instance Name="UpgradeInstance">
		<Button ID="UpgradeButton" Size="64,64" Texture="64x64FrameButtons.dds" ToolTip="TXT_KEY_PEDIA_TECHNOLOGY_NAME">
			<ShowOnMouseOver>
				<AlphaAnim Anchor="R,C" AnchorSide="O.O" Offset="-9,0" Size="16,32" TextureOffset="16.0" Texture="buttonsidesglow.dds" Pause="0" Cycle="Bounce" Speed="1" AlphaStart=".99" AlphaEnd=".25"/>
				<AlphaAnim Anchor="L,C" AnchorSide="O.O" Offset="-9,0" Size="16,32" Texture="buttonsidesglow.dds" Pause="0" Cycle="Bounce" Speed="1" AlphaStart=".99" AlphaEnd=".25"/>
				<Image Anchor="R,C" Offset="-9,0" TextureOffset="8,0" AnchorSide="O.O" Texture="buttonsides.dds" Size="8,16"/>
				<Image Anchor="L,C" Offset="-9,0" AnchorSide="O.O" Texture="buttonsides.dds" Size="8,16"/>
			</ShowOnMouseOver>
			<Image ID="UpgradeImage" Anchor="C,C" Texture="TechnologyAtlas512.dds" Size="64,64"/>
		</Button>
	</Instance>
	<!--=======================================================================================================================-->
	<!-- Instance of a "reveals" technology button -->
	<!--=======================================================================================================================-->
	<Instance Name="RevealTechInstance">
		<Button ID="RevealTechButton" Size="64,64" Texture="64x64FrameButtons.dds" ToolTip="TXT_KEY_PEDIA_TECHNOLOGY_NAME">
			<ShowOnMouseOver>
				<AlphaAnim Anchor="R,C" AnchorSide="O.O" Offset="-9,0" Size="16,32" TextureOffset="16.0" Texture="buttonsidesglow.dds" Pause="0" Cycle="Bounce" Speed="1" AlphaStart=".99" AlphaEnd=".25"/>
				<AlphaAnim Anchor="L,C" AnchorSide="O.O" Offset="-9,0" Size="16,32" Texture="buttonsidesglow.dds" Pause="0" Cycle="Bounce" Speed="1" AlphaStart=".99" AlphaEnd=".25"/>
				<Image Anchor="R,C" Offset="-9,0" TextureOffset="8,0" AnchorSide="O.O" Texture="buttonsides.dds" Size="8,16"/>
				<Image Anchor="L,C" Offset="-9,0" AnchorSide="O.O" Texture="buttonsides.dds" Size="8,16"/>
			</ShowOnMouseOver>
			<Image ID="RevealTechImage" Anchor="C,C" Texture="TechnologyAtlas512.dds" Size="64,64"/>
		</Button>
	</Instance>
	<!--=======================================================================================================================-->
	<!-- Instance of a unlocked unit button -->
	<!--=======================================================================================================================-->
	<Instance Name="UnlockedUnitInstance">
		<Button ID="UnlockedUnitButton" Size="64,64" Texture="64x64FrameButtons.dds" ToolTip="TXT_KEY_PEDIA_UNLOCKED_UNIT_NAME">
			<ShowOnMouseOver>
				<AlphaAnim Anchor="R,C" AnchorSide="O.O" Offset="-9,0" Size="16,32" TextureOffset="16.0" Texture="buttonsidesglow.dds" Pause="0" Cycle="Bounce" Speed="1" AlphaStart=".99" AlphaEnd=".25"/>
				<AlphaAnim Anchor="L,C" AnchorSide="O.O" Offset="-9,0" Size="16,32" Texture="buttonsidesglow.dds" Pause="0" Cycle="Bounce" Speed="1" AlphaStart=".99" AlphaEnd=".25"/>
				<Image Anchor="R,C" Offset="-9,0" TextureOffset="8,0" AnchorSide="O.O" Texture="buttonsides.dds" Size="8,16"/>
				<Image Anchor="L,C" Offset="-9,0" AnchorSide="O.O" Texture="buttonsides.dds" Size="8,16"/>
			</ShowOnMouseOver>
			<Image ID="UnlockedUnitImage" Anchor="C,C" Texture="UnitPortraitsAncientMedieval512.dds" Size="64,64"/>
		</Button>
	</Instance>
	<!--=======================================================================================================================-->
	<!-- Instance of a unlocked building button -->
	<!--=======================================================================================================================-->
	<Instance Name="UnlockedBuildingInstance">
		<Button ID="UnlockedBuildingButton" Size="64,64" Texture="64x64FrameButtons.dds" ToolTip="TXT_KEY_PEDIA_UNLOCKED_UNIT_NAME">
			<ShowOnMouseOver>
				<AlphaAnim Anchor="R,C" AnchorSide="O.O" Offset="-9,0" Size="16,32" TextureOffset="16.0" Texture="buttonsidesglow.dds" Pause="0" Cycle="Bounce" Speed="1" AlphaStart=".99" AlphaEnd=".25"/>
				<AlphaAnim Anchor="L,C" AnchorSide="O.O" Offset="-9,0" Size="16,32" Texture="buttonsidesglow.dds" Pause="0" Cycle="Bounce" Speed="1" AlphaStart=".99" AlphaEnd=".25"/>
				<Image Anchor="R,C" Offset="-9,0" TextureOffset="8,0" AnchorSide="O.O" Texture="buttonsides.dds" Size="8,16"/>
				<Image Anchor="L,C" Offset="-9,0" AnchorSide="O.O" Texture="buttonsides.dds" Size="8,16"/>
			</ShowOnMouseOver>
			<Image ID="UnlockedBuildingImage" Anchor="C,C" Texture="WonderAtlas512.dds" Size="64,64"/>
		</Button>
	</Instance>
	<!--=======================================================================================================================-->
	<!-- Instance of a required building button -->
	<!--=======================================================================================================================-->
	<Instance Name="RequiredBuildingInstance">
		<Button ID="RequiredBuildingButton" Size="64,64" Texture="64x64FrameButtons.dds" ToolTip="TXT_KEY_PEDIA_REQUIRED_BUILDING_NAME">
			<ShowOnMouseOver>
				<AlphaAnim Anchor="R,C" AnchorSide="O.O" Offset="-9,0" Size="16,32" TextureOffset="16.0" Texture="buttonsidesglow.dds" Pause="0" Cycle="Bounce" Speed="1" AlphaStart=".99" AlphaEnd=".25"/>
				<AlphaAnim Anchor="L,C" AnchorSide="O.O" Offset="-9,0" Size="16,32" Texture="buttonsidesglow.dds" Pause="0" Cycle="Bounce" Speed="1" AlphaStart=".99" AlphaEnd=".25"/>
				<Image Anchor="R,C" Offset="-9,0" TextureOffset="8,0" AnchorSide="O.O" Texture="buttonsides.dds" Size="8,16"/>
				<Image Anchor="L,C" Offset="-9,0" AnchorSide="O.O" Texture="buttonsides.dds" Size="8,16"/>
			</ShowOnMouseOver>
			<Image ID="RequiredBuildingImage" Anchor="C,C" Texture="WonderAtlas512.dds" Size="64,64"/>
		</Button>
	</Instance>
	<!--=======================================================================================================================-->
	<!-- Instance of a revealed resource button -->
	<!--=======================================================================================================================-->
	<Instance Name="RevealedResourceInstance">
		<Button ID="RevealedResourceButton" Size="64,64" Texture="64x64FrameButtons.dds" ToolTip="TXT_KEY_PEDIA_RESOURCE_NAME">
			<ShowOnMouseOver>
				<AlphaAnim Anchor="R,C" AnchorSide="O.O" Offset="-9,0" Size="16,32" TextureOffset="16.0" Texture="buttonsidesglow.dds" Pause="0" Cycle="Bounce" Speed="1" AlphaStart=".99" AlphaEnd=".25"/>
				<AlphaAnim Anchor="L,C" AnchorSide="O.O" Offset="-9,0" Size="16,32" Texture="buttonsidesglow.dds" Pause="0" Cycle="Bounce" Speed="1" AlphaStart=".99" AlphaEnd=".25"/>
				<Image Anchor="R,C" Offset="-9,0" TextureOffset="8,0" AnchorSide="O.O" Texture="buttonsides.dds" Size="8,16"/>
				<Image Anchor="L,C" Offset="-9,0" AnchorSide="O.O" Texture="buttonsides.dds" Size="8,16"/>
			</ShowOnMouseOver>
			<Image ID="RevealedResourceImage" Anchor="C,C" Texture="Resources512.dds" Size="64,64"/>
		</Button>
	</Instance>
	<!--=======================================================================================================================-->
	<!-- Instance of a required resource button -->
	<!--=======================================================================================================================-->
	<Instance Name="RequiredResourceInstance">
		<Button ID="RequiredResourceButton" Size="64,64" Texture="64x64FrameButtons.dds" ToolTip="TXT_KEY_PEDIA_RESOURCE_NAME">
			<ShowOnMouseOver>
				<AlphaAnim Anchor="R,C" AnchorSide="O.O" Offset="-9,0" Size="16,32" TextureOffset="16.0" Texture="buttonsidesglow.dds" Pause="0" Cycle="Bounce" Speed="1" AlphaStart=".99" AlphaEnd=".25"/>
				<AlphaAnim Anchor="L,C" AnchorSide="O.O" Offset="-9,0" Size="16,32" Texture="buttonsidesglow.dds" Pause="0" Cycle="Bounce" Speed="1" AlphaStart=".99" AlphaEnd=".25"/>
				<Image Anchor="R,C" Offset="-9,0" TextureOffset="8,0" AnchorSide="O.O" Texture="buttonsides.dds" Size="8,16"/>
				<Image Anchor="L,C" Offset="-9,0" AnchorSide="O.O" Texture="buttonsides.dds" Size="8,16"/>
			</ShowOnMouseOver>
			<Image ID="RequiredResourceImage" Anchor="C,C" Texture="Resources512.dds" Size="64,64"/>
		</Button>
	</Instance>
	<!--=======================================================================================================================-->
	<!-- Instance of a local resource button -->
	<!--=======================================================================================================================-->
	<Instance Name="LocalResourceInstance">
		<Button ID="LocalResourceButton" Size="64,64" Texture="64x64FrameButtons.dds" ToolTip="TXT_KEY_PEDIA_LOCAL_RESOURCE_NAME">
			<ShowOnMouseOver>
				<AlphaAnim Anchor="R,C" AnchorSide="O.O" Offset="-9,0" Size="16,32" TextureOffset="16.0" Texture="buttonsidesglow.dds" Pause="0" Cycle="Bounce" Speed="1" AlphaStart=".99" AlphaEnd=".25"/>
				<AlphaAnim Anchor="L,C" AnchorSide="O.O" Offset="-9,0" Size="16,32" Texture="buttonsidesglow.dds" Pause="0" Cycle="Bounce" Speed="1" AlphaStart=".99" AlphaEnd=".25"/>
				<Image Anchor="R,C" Offset="-9,0" TextureOffset="8,0" AnchorSide="O.O" Texture="buttonsides.dds" Size="8,16"/>
				<Image Anchor="L,C" Offset="-9,0" AnchorSide="O.O" Texture="buttonsides.dds" Size="8,16"/>
			</ShowOnMouseOver>
			<Image ID="LocalResourceImage" Anchor="C,C" Texture="Resources512.dds" Size="64,64"/>
		</Button>
	</Instance>
	<!--=======================================================================================================================-->
	<!-- Instance of a unlocked worker action button -->
	<!--=======================================================================================================================-->
	<Instance Name="WorkerActionInstance">
		<Button ID="WorkerActionButton" Size="64,64" Texture="64x64FrameButtons.dds" ToolTip="TXT_KEY_PEDIA_WORKER_ACTION_NAME">
			<ShowOnMouseOver>
				<AlphaAnim Anchor="R,C" AnchorSide="O.O" Offset="-9,0" Size="16,32" TextureOffset="16.0" Texture="buttonsidesglow.dds" Pause="0" Cycle="Bounce" Speed="1" AlphaStart=".99" AlphaEnd=".25"/>
				<AlphaAnim Anchor="L,C" AnchorSide="O.O" Offset="-9,0" Size="16,32" Texture="buttonsidesglow.dds" Pause="0" Cycle="Bounce" Speed="1" AlphaStart=".99" AlphaEnd=".25"/>
				<Image Anchor="R,C" Offset="-9,0" TextureOffset="8,0" AnchorSide="O.O" Texture="buttonsides.dds" Size="8,16"/>
				<Image Anchor="L,C" Offset="-9,0" AnchorSide="O.O" Texture="buttonsides.dds" Size="8,16"/>
			</ShowOnMouseOver>
			<Image ID="WorkerActionImage" Anchor="C,C" Texture="WonderAtlas512.dds" Size="64,64"/>
		</Button>
	</Instance>
	<!--=======================================================================================================================-->
	<!-- Instance of a unlocked project button -->
	<!--=======================================================================================================================-->
	<Instance Name="UnlockedProjectInstance">
		<Button ID="UnlockedProjectButton" Size="64,64" Texture="64x64FrameButtons.dds" ToolTip="TXT_KEY_PEDIA_UNLKED_PROJECT_NAME">
			<ShowOnMouseOver>
				<AlphaAnim Anchor="R,C" AnchorSide="O.O" Offset="-9,0" Size="16,32" TextureOffset="16.0" Texture="buttonsidesglow.dds" Pause="0" Cycle="Bounce" Speed="1" AlphaStart=".99" AlphaEnd=".25"/>
				<AlphaAnim Anchor="L,C" AnchorSide="O.O" Offset="-9,0" Size="16,32" Texture="buttonsidesglow.dds" Pause="0" Cycle="Bounce" Speed="1" AlphaStart=".99" AlphaEnd=".25"/>
				<Image Anchor="R,C" Offset="-9,0" TextureOffset="8,0" AnchorSide="O.O" Texture="buttonsides.dds" Size="8,16"/>
				<Image Anchor="L,C" Offset="-9,0" AnchorSide="O.O" Texture="buttonsides.dds" Size="8,16"/>
			</ShowOnMouseOver>
			<Image ID="UnlockedProjectImage" Anchor="C,C" Texture="WonderAtlas512.dds" Size="64,64"/>
		</Button>
	</Instance>
	<!--=======================================================================================================================-->
	<!-- Instance of a promotion button -->
	<!--=======================================================================================================================-->
	<Instance Name="PromotionInstance">
		<Button ID="PromotionButton" Size="64,64" Texture="64x64FrameButtons.dds" ToolTip="TXT_KEY_PEDIA_PROMOTION_NAME">
			<ShowOnMouseOver>
				<AlphaAnim Anchor="R,C" AnchorSide="O.O" Offset="-9,0" Size="16,32" TextureOffset="16.0" Texture="buttonsidesglow.dds" Pause="0" Cycle="Bounce" Speed="1" AlphaStart=".99" AlphaEnd=".25"/>
				<AlphaAnim Anchor="L,C" AnchorSide="O.O" Offset="-9,0" Size="16,32" Texture="buttonsidesglow.dds" Pause="0" Cycle="Bounce" Speed="1" AlphaStart=".99" AlphaEnd=".25"/>
				<Image Anchor="R,C" Offset="-9,0" TextureOffset="8,0" AnchorSide="O.O" Texture="buttonsides.dds" Size="8,16"/>
				<Image Anchor="L,C" Offset="-9,0" AnchorSide="O.O" Texture="buttonsides.dds" Size="8,16"/>
			</ShowOnMouseOver>
			<Image ID="PromotionImage" Anchor="C,C" Texture="WonderAtlas512.dds" Size="64,64"/>
		</Button>
	</Instance>
	<!--=======================================================================================================================-->
	<!-- Instance of a required promotion button -->
	<!--=======================================================================================================================-->
	<Instance Name="RequiredPromotionInstance">
		<Button ID="RequiredPromotionButton" Size="64,64" Texture="64x64FrameButtons.dds" ToolTip="TXT_KEY_PEDIA_PROMOTION_NAME">
			<ShowOnMouseOver>
				<AlphaAnim Anchor="R,C" AnchorSide="O.O" Offset="-9,0" Size="16,32" TextureOffset="16.0" Texture="buttonsidesglow.dds" Pause="0" Cycle="Bounce" Speed="1" AlphaStart=".99" AlphaEnd=".25"/>
				<AlphaAnim Anchor="L,C" AnchorSide="O.O" Offset="-9,0" Size="16,32" Texture="buttonsidesglow.dds" Pause="0" Cycle="Bounce" Speed="1" AlphaStart=".99" AlphaEnd=".25"/>
				<Image Anchor="R,C" Offset="-9,0" TextureOffset="8,0" AnchorSide="O.O" Texture="buttonsides.dds" Size="8,16"/>
				<Image Anchor="L,C" Offset="-9,0" AnchorSide="O.O" Texture="buttonsides.dds" Size="8,16"/>
			</ShowOnMouseOver>
			<Image ID="RequiredPromotionImage" Anchor="C,C" Texture="WonderAtlas512.dds" Size="64,64"/>
		</Button>
	</Instance>
	<!--=======================================================================================================================-->
	<!-- Instance of a specialist button -->
	<!--=======================================================================================================================-->
	<Instance Name="SpecialistInstance">
		<Button ID="SpecialistButton" Size="64,64" Texture="64x64FrameButtons.dds" ToolTip="TXT_KEY_PEDIA_SPEC_NAME">
			<ShowOnMouseOver>
				<AlphaAnim Anchor="R,C" AnchorSide="O.O" Offset="-9,0" Size="16,32" TextureOffset="16.0" Texture="buttonsidesglow.dds" Pause="0" Cycle="Bounce" Speed="1" AlphaStart=".99" AlphaEnd=".25"/>
				<AlphaAnim Anchor="L,C" AnchorSide="O.O" Offset="-9,0" Size="16,32" Texture="buttonsidesglow.dds" Pause="0" Cycle="Bounce" Speed="1" AlphaStart=".99" AlphaEnd=".25"/>
				<Image Anchor="R,C" Offset="-9,0" TextureOffset="8,0" AnchorSide="O.O" Texture="buttonsides.dds" Size="8,16"/>
				<Image Anchor="L,C" Offset="-9,0" AnchorSide="O.O" Texture="buttonsides.dds" Size="8,16"/>
			</ShowOnMouseOver>
			<Image ID="SpecialistImage" Anchor="C,C" Texture="WonderAtlas512.dds" Size="64,64"/>
		</Button>
	</Instance>
	<!--=======================================================================================================================-->
	<!-- Instance of a required policy button -->
	<!--=======================================================================================================================-->
	<Instance Name="RequiredPolicyInstance">
		<Button ID="RequiredPolicyButton" Size="64,64" Texture="64x64FrameButtons.dds" ToolTip="TXT_KEY_PEDIA_POLICY_NAME">
			<ShowOnMouseOver>
				<AlphaAnim Anchor="R,C" AnchorSide="O.O" Offset="-9,0" Size="16,32" TextureOffset="16.0" Texture="buttonsidesglow.dds" Pause="0" Cycle="Bounce" Speed="1" AlphaStart=".99" AlphaEnd=".25"/>
				<AlphaAnim Anchor="L,C" AnchorSide="O.O" Offset="-9,0" Size="16,32" Texture="buttonsidesglow.dds" Pause="0" Cycle="Bounce" Speed="1" AlphaStart=".99" AlphaEnd=".25"/>
				<Image Anchor="R,C" Offset="-9,0" TextureOffset="8,0" AnchorSide="O.O" Texture="buttonsides.dds" Size="8,16"/>
				<Image Anchor="L,C" Offset="-9,0" AnchorSide="O.O" Texture="buttonsides.dds" Size="8,16"/>
			</ShowOnMouseOver>
			<Image ID="RequiredPolicyImage" Anchor="C,C" Texture="WonderAtlas512.dds" Size="64,64"/>
		</Button>
	</Instance>
	<!--=======================================================================================================================-->
	<!-- Instance of a leader button -->
	<!--=======================================================================================================================-->
	<Instance Name="LeaderInstance">
		<Button ID="LeaderButton" Size="64,64" Texture="64x64FrameButtons.dds" ToolTip="TXT_KEY_PEDIA_LEADER_NAME">
			<ShowOnMouseOver>
				<AlphaAnim Anchor="R,C" AnchorSide="O.O" Offset="-9,0" Size="16,32" TextureOffset="16.0" Texture="buttonsidesglow.dds" Pause="0" Cycle="Bounce" Speed="1" AlphaStart=".99" AlphaEnd=".25"/>
				<AlphaAnim Anchor="L,C" AnchorSide="O.O" Offset="-9,0" Size="16,32" Texture="buttonsidesglow.dds" Pause="0" Cycle="Bounce" Speed="1" AlphaStart=".99" AlphaEnd=".25"/>
				<Image Anchor="R,C" Offset="-9,0" TextureOffset="8,0" AnchorSide="O.O" Texture="buttonsides.dds" Size="8,16"/>
				<Image Anchor="L,C" Offset="-9,0" AnchorSide="O.O" Texture="buttonsides.dds" Size="8,16"/>
			</ShowOnMouseOver>
			<Image ID="LeaderImage" Anchor="C,C" Texture="LeaderPortraits512.dds" Size="64,64"/>
		</Button>
	</Instance>
	<!--=======================================================================================================================-->
	<!-- Instance of a civilization button -->
	<!--=======================================================================================================================-->
	<Instance Name="CivilizationInstance">
		<Button ID="CivilizationButton" Size="64,64" Texture="64x64FrameButtons.dds" ToolTip="TXT_KEY_PEDIA_CIVILIZATION_NAME">
			<ShowOnMouseOver>
				<AlphaAnim Anchor="R,C" AnchorSide="O.O" Offset="-9,0" Size="16,32" TextureOffset="16.0" Texture="buttonsidesglow.dds" Pause="0" Cycle="Bounce" Speed="1" AlphaStart=".99" AlphaEnd=".25"/>
				<AlphaAnim Anchor="L,C" AnchorSide="O.O" Offset="-9,0" Size="16,32" Texture="buttonsidesglow.dds" Pause="0" Cycle="Bounce" Speed="1" AlphaStart=".99" AlphaEnd=".25"/>
				<Image Anchor="R,C" Offset="-9,0" TextureOffset="8,0" AnchorSide="O.O" Texture="buttonsides.dds" Size="8,16"/>
				<Image Anchor="L,C" Offset="-9,0" AnchorSide="O.O" Texture="buttonsides.dds" Size="8,16"/>
			</ShowOnMouseOver>
			<Image ID="CivilizationImage" Anchor="C,C" Texture="CivSymbolsColor512.dds" Size="64,64"/>
		</Button>
	</Instance>
	<!--=======================================================================================================================-->
	<!-- Instance of a trait button -->
	<!--=======================================================================================================================-->
	<Instance Name="TraitInstance">
		<Button ID="TraitButton" Size="64,64" Texture="64x64FrameButtons.dds" ToolTip="TXT_KEY_PEDIA_TRAIT_NAME">
			<ShowOnMouseOver>
				<AlphaAnim Anchor="R,C" AnchorSide="O.O" Offset="-9,0" Size="16,32" TextureOffset="16.0" Texture="buttonsidesglow.dds" Pause="0" Cycle="Bounce" Speed="1" AlphaStart=".99" AlphaEnd=".25"/>
				<AlphaAnim Anchor="L,C" AnchorSide="O.O" Offset="-9,0" Size="16,32" Texture="buttonsidesglow.dds" Pause="0" Cycle="Bounce" Speed="1" AlphaStart=".99" AlphaEnd=".25"/>
				<Image Anchor="R,C" Offset="-9,0" TextureOffset="8,0" AnchorSide="O.O" Texture="buttonsides.dds" Size="8,16"/>
				<Image Anchor="L,C" Offset="-9,0" AnchorSide="O.O" Texture="buttonsides.dds" Size="8,16"/>
			</ShowOnMouseOver>
			<Image ID="TraitImage" Anchor="C,C" Texture="CivSymbolsColor512.dds" Size="64,64"/>
		</Button>
	</Instance>
	<!--=======================================================================================================================-->
	<!-- Instance of a unique unit button -->
	<!--=======================================================================================================================-->
	<Instance Name="UniqueUnitInstance">
		<Button ID="UniqueUnitButton" Size="64,64" Texture="64x64FrameButtons.dds" ToolTip="TXT_KEY_PEDIA_UNIQUEUNIT_NAME">
			<ShowOnMouseOver>
				<AlphaAnim Anchor="R,C" AnchorSide="O.O" Offset="-9,0" Size="16,32" TextureOffset="16.0" Texture="buttonsidesglow.dds" Pause="0" Cycle="Bounce" Speed="1" AlphaStart=".99" AlphaEnd=".25"/>
				<AlphaAnim Anchor="L,C" AnchorSide="O.O" Offset="-9,0" Size="16,32" Texture="buttonsidesglow.dds" Pause="0" Cycle="Bounce" Speed="1" AlphaStart=".99" AlphaEnd=".25"/>
				<Image Anchor="R,C" Offset="-9,0" TextureOffset="8,0" AnchorSide="O.O" Texture="buttonsides.dds" Size="8,16"/>
				<Image Anchor="L,C" Offset="-9,0" AnchorSide="O.O" Texture="buttonsides.dds" Size="8,16"/>
			</ShowOnMouseOver>
			<Image ID="UniqueUnitImage" Anchor="C,C" Texture="UnitPortraitsAncientMedieval512.dds" Size="64,64"/>
		</Button>
	</Instance>
	<!--=======================================================================================================================-->
	<!-- Instance of a unique building button -->
	<!--=======================================================================================================================-->
	<Instance Name="UniqueBuildingInstance">
		<Button ID="UniqueBuildingButton" Size="64,64" Texture="64x64FrameButtons.dds" ToolTip="TXT_KEY_PEDIA_UNIQUEBLDG_NAME">
			<ShowOnMouseOver>
				<AlphaAnim Anchor="R,C" AnchorSide="O.O" Offset="-9,0" Size="16,32" TextureOffset="16.0" Texture="buttonsidesglow.dds" Pause="0" Cycle="Bounce" Speed="1" AlphaStart=".99" AlphaEnd=".25"/>
				<AlphaAnim Anchor="L,C" AnchorSide="O.O" Offset="-9,0" Size="16,32" Texture="buttonsidesglow.dds" Pause="0" Cycle="Bounce" Speed="1" AlphaStart=".99" AlphaEnd=".25"/>
				<Image Anchor="R,C" Offset="-9,0" TextureOffset="8,0" AnchorSide="O.O" Texture="buttonsides.dds" Size="8,16"/>
				<Image Anchor="L,C" Offset="-9,0" AnchorSide="O.O" Texture="buttonsides.dds" Size="8,16"/>
			</ShowOnMouseOver>
			<Image ID="UniqueBuildingImage" Anchor="C,C" Texture="WonderAtlas512.dds" Size="64,64"/>
		</Button>
	</Instance>
	<!--=======================================================================================================================-->
	<!-- Instance of a unique improvement button -->
	<!--=======================================================================================================================-->
	<Instance Name="UniqueImprovementInstance">
		<Button ID="UniqueImprovementButton" Size="64,64" Texture="64x64FrameButtons.dds" ToolTip="TXT_KEY_PEDIA_UNIQUEIMPR_NAME">
			<ShowOnMouseOver>
				<AlphaAnim Anchor="R,C" AnchorSide="O.O" Offset="-9,0" Size="16,32" TextureOffset="16.0" Texture="buttonsidesglow.dds" Pause="0" Cycle="Bounce" Speed="1" AlphaStart=".99" AlphaEnd=".25"/>
				<AlphaAnim Anchor="L,C" AnchorSide="O.O" Offset="-9,0" Size="16,32" Texture="buttonsidesglow.dds" Pause="0" Cycle="Bounce" Speed="1" AlphaStart=".99" AlphaEnd=".25"/>
				<Image Anchor="R,C" Offset="-9,0" TextureOffset="8,0" AnchorSide="O.O" Texture="buttonsides.dds" Size="8,16"/>
				<Image Anchor="L,C" Offset="-9,0" AnchorSide="O.O" Texture="buttonsides.dds" Size="8,16"/>
			</ShowOnMouseOver>
			<Image ID="UniqueImprovementImage" Anchor="C,C" Texture="WonderAtlas512.dds" Size="64,64"/>
		</Button>
	</Instance>
	<!--=======================================================================================================================-->
	<!-- Instance of a replaces button -->
	<!--=======================================================================================================================-->
	<Instance Name="ReplaceInstance">
		<Button ID="ReplaceButton" Size="64,64" Texture="64x64FrameButtons.dds" ToolTip="TXT_KEY_PEDIA_REPLACE_NAME">
			<ShowOnMouseOver>
				<AlphaAnim Anchor="R,C" AnchorSide="O.O" Offset="-9,0" Size="16,32" TextureOffset="16.0" Texture="buttonsidesglow.dds" Pause="0" Cycle="Bounce" Speed="1" AlphaStart=".99" AlphaEnd=".25"/>
				<AlphaAnim Anchor="L,C" AnchorSide="O.O" Offset="-9,0" Size="16,32" Texture="buttonsidesglow.dds" Pause="0" Cycle="Bounce" Speed="1" AlphaStart=".99" AlphaEnd=".25"/>
				<Image Anchor="R,C" Offset="-9,0" TextureOffset="8,0" AnchorSide="O.O" Texture="buttonsides.dds" Size="8,16"/>
				<Image Anchor="L,C" Offset="-9,0" AnchorSide="O.O" Texture="buttonsides.dds" Size="8,16"/>
			</ShowOnMouseOver>
			<Image ID="ReplaceImage" Anchor="C,C" Texture="UnitPortraitsAncientMedieval512.dds" Size="64,64"/>
		</Button>
	</Instance>
	<!--=======================================================================================================================-->
	<!-- Instance of an improvement button -->
	<!--=======================================================================================================================-->
	<Instance Name="ImprovementInstance">
		<Button ID="ImprovementButton" Size="64,64" Texture="64x64FrameButtons.dds" ToolTip="TXT_KEY_PEDIA_IMPROVEMENT_NAME">
			<ShowOnMouseOver>
				<AlphaAnim Anchor="R,C" AnchorSide="O.O" Offset="-9,0" Size="16,32" TextureOffset="16.0" Texture="buttonsidesglow.dds" Pause="0" Cycle="Bounce" Speed="1" AlphaStart=".99" AlphaEnd=".25"/>
				<AlphaAnim Anchor="L,C" AnchorSide="O.O" Offset="-9,0" Size="16,32" Texture="buttonsidesglow.dds" Pause="0" Cycle="Bounce" Speed="1" AlphaStart=".99" AlphaEnd=".25"/>
				<Image Anchor="R,C" Offset="-9,0" TextureOffset="8,0" AnchorSide="O.O" Texture="buttonsides.dds" Size="8,16"/>
				<Image Anchor="L,C" Offset="-9,0" AnchorSide="O.O" Texture="buttonsides.dds" Size="8,16"/>
			</ShowOnMouseOver>
			<Image ID="ImprovementImage" Anchor="C,C" Texture="UnitPortraitsAncientMedieval512.dds" Size="64,64"/>
		</Button>
	</Instance>
	<!--=======================================================================================================================-->
	<!-- Instance of a feature button -->
	<!--=======================================================================================================================-->
	<Instance Name="FeatureInstance">
		<Button ID="FeatureButton" Size="64,64" Texture="64x64FrameButtons.dds" ToolTip="TXT_KEY_PEDIA_FEATURE_NAME">
			<ShowOnMouseOver>
				<AlphaAnim Anchor="R,C" AnchorSide="O.O" Offset="-9,0" Size="16,32" TextureOffset="16.0" Texture="buttonsidesglow.dds" Pause="0" Cycle="Bounce" Speed="1" AlphaStart=".99" AlphaEnd=".25"/>
				<AlphaAnim Anchor="L,C" AnchorSide="O.O" Offset="-9,0" Size="16,32" Texture="buttonsidesglow.dds" Pause="0" Cycle="Bounce" Speed="1" AlphaStart=".99" AlphaEnd=".25"/>
				<Image Anchor="R,C" Offset="-9,0" TextureOffset="8,0" AnchorSide="O.O" Texture="buttonsides.dds" Size="8,16"/>
				<Image Anchor="L,C" Offset="-9,0" AnchorSide="O.O" Texture="buttonsides.dds" Size="8,16"/>
			</ShowOnMouseOver>
			<Image ID="FeatureImage" Anchor="C,C" Texture="TerrainIcons512.dds" Size="64,64"/>
		</Button>
	</Instance>
	<!--=======================================================================================================================-->
	<!-- Instance of a terrain button -->
	<!--=======================================================================================================================-->
	<Instance Name="TerrainInstance">
		<Button ID="TerrainButton" Size="64,64" Texture="64x64FrameButtons.dds" ToolTip="TXT_KEY_PEDIA_TERRAIN_NAME">
			<ShowOnMouseOver>
				<AlphaAnim Anchor="R,C" AnchorSide="O.O" Offset="-9,0" Size="16,32" TextureOffset="16.0" Texture="buttonsidesglow.dds" Pause="0" Cycle="Bounce" Speed="1" AlphaStart=".99" AlphaEnd=".25"/>
				<AlphaAnim Anchor="L,C" AnchorSide="O.O" Offset="-9,0" Size="16,32" Texture="buttonsidesglow.dds" Pause="0" Cycle="Bounce" Speed="1" AlphaStart=".99" AlphaEnd=".25"/>
				<Image Anchor="R,C" Offset="-9,0" TextureOffset="8,0" AnchorSide="O.O" Texture="buttonsides.dds" Size="8,16"/>
				<Image Anchor="L,C" Offset="-9,0" AnchorSide="O.O" Texture="buttonsides.dds" Size="8,16"/>
			</ShowOnMouseOver>
			<Image ID="TerrainImage" Anchor="C,C" Texture="TerrainIcons512.dds" Size="64,64"/>
		</Button>
	</Instance>
	<!--=======================================================================================================================-->
	<!-- Instance of a found resource button -->
	<!--=======================================================================================================================-->
	<Instance Name="ResourceFoundInstance">
		<Button ID="ResourceFoundButton" Size="64,64" Texture="64x64FrameButtons.dds" ToolTip="TXT_KEY_PEDIA_RESOURCE_NAME">
			<ShowOnMouseOver>
				<AlphaAnim Anchor="R,C" AnchorSide="O.O" Offset="-9,0" Size="16,32" TextureOffset="16.0" Texture="buttonsidesglow.dds" Pause="0" Cycle="Bounce" Speed="1" AlphaStart=".99" AlphaEnd=".25"/>
				<AlphaAnim Anchor="L,C" AnchorSide="O.O" Offset="-9,0" Size="16,32" Texture="buttonsidesglow.dds" Pause="0" Cycle="Bounce" Speed="1" AlphaStart=".99" AlphaEnd=".25"/>
				<Image Anchor="R,C" Offset="-9,0" TextureOffset="8,0" AnchorSide="O.O" Texture="buttonsides.dds" Size="8,16"/>
				<Image Anchor="L,C" Offset="-9,0" AnchorSide="O.O" Texture="buttonsides.dds" Size="8,16"/>
			</ShowOnMouseOver>
			<Image ID="ResourceFoundImage" Anchor="C,C" Texture="Resources512.dds" Size="64,64"/>
		</Button>
	</Instance>
	<!--=======================================================================================================================-->
	<!-- Instance of a free form text block -->
	<!--=======================================================================================================================-->
	<Instance Name="FreeFormTextInstance">
		<Grid ID="FFTextFrame" Offset="0,24" Size="436,200" Style="GridBlackIndent8">
			<Label ID="FFTextHeader" Offset="4,-18" Anchorside="I.O" WrapWidth="600" LeadingOffset="0" Font="TwCenMT20" FontStyle="Shadow" Color0="Beige" Color1="0.0.0.160"/>
			<Grid ID="FFTextInnerFrame" Anchor="C,C" Size="440,204" Style="Grid9Frame">
				<Label ID="FFTextLabel" Offset="15,15" WrapWidth="415" LeadingOffset="-5" Font="TwCenMT18" FontStyle="Shadow" Color0="Beige" Color1="0.0.0.160"/>
			</Grid>
		</Grid>
	</Instance>
	<!--=======================================================================================================================-->
	<!-- Instance of a big text block -->
	<!--=======================================================================================================================-->
	<Instance Name="BBTextInstance">
		<Grid ID="BBTextFrame" Offset="0,24" Size="636,200" Style="GridBlackIndent8">
			<Label ID="BBTextHeader" Offset="4,-18" Anchorside="I.O" WrapWidth="600" LeadingOffset="0" Font="TwCenMT20" FontStyle="Shadow" Color0="Beige" Color1="0.0.0.160"/>
			<Grid ID="BBTextInnerFrame" Anchor="C,C" Size="640,204" Style="Grid9Frame">
				<Label ID="BBTextLabel" Offset="15,15" WrapWidth="615" LeadingOffset="-5" Font="TwCenMT18" FontStyle="Shadow" Color0="Beige" Color1="0.0.0.160"/>
			</Grid>
		</Grid>
	</Instance>
	<!--=======================================================================================================================-->
	<!-- The display -->
	<!--=======================================================================================================================-->
	<Box ID="BackDrop" Anchor="C,C" Size="Full,Full" Color="0,0,0,160" ConsumeMouse="1"/>
	<Container Anchor="C,C" Size="1024,Full">
		<Image Anchor="C,T" Texture="FancyTrim1024.dds" Size="1024,64"/>
		<Label Anchor="C,T" Offset="0,4" Font="TwCenMT24" FontStyle="Shadow" Color0="Beige" Color1="0.0.0.160" String="TXT_KEY_CIVILOPEDIA"/>
		<Grid Size="1024,full" Anchor="C,T" Offset="0,82" Style="Grid9DetailFive140">
			<Image Anchor="C,T" Offset="0.5" Texture="CivilopediaTopTitleDark.dds" Size="360,39">
				<Image Anchor="L,C" AnchorSide="I.O" Texture="CivilopediaTopTitleDivider.dds" Size="3,32"/>
				<Image Anchor="R,C" AnchorSide="I.O" Texture="CivilopediaTopTitleDivider.dds" Size="3,32"/>
				<Label ID="CategoryLabel" Anchor="C,C" Font="TwCenMT20" FontStyle="Shadow" Color0="Beige" Color1="0.0.0.160" String="TXT_KEY_PEDIA_TECH_SECTION"/>
				<Button ID="BackButton" Offset="-305,3" Style="BackButton" Anchor="L,C">
					<ShowOnMouseOver>
						<AlphaAnim Anchor="L,C" Size="48,48" Pause="0" Cycle="Bounce" Speed="1" AlphaStart="1" AlphaEnd=".5">
							<Label Anchor="R,C" AnchorSide="O.I" Offset="-10,-2" Font="TwCenMT20" FontStyle="SoftShadow" Color0="Beige" Color1="0.0.0.160" String="TXT_KEY_BACK_BUTTON"/>
						</AlphaAnim>
					</ShowOnMouseOver>
				</Button>
				<Button ID="ForwardButton" Offset="-36,3" Style="ForwardButton" Anchor="L,C">
					<ShowOnMouseOver>
						<AlphaAnim Anchor="L,C" Size="48,48" Pause="0" Cycle="Bounce" Speed="1" AlphaStart="1" AlphaEnd=".5">
							<Label Anchor="L,C" AnchorSide="O.I" Offset="4,-2" Font="TwCenMT20" FontStyle="SoftShadow" Color0="Beige" Color1="0.0.0.160" String="TXT_KEY_FORWARD_BUTTON"/>
						</AlphaAnim>
					</ShowOnMouseOver>
				</Button>
			</Image>
			<Button ID="CloseButton" Anchor="R,T" Size="32,32" Offset="36.6" TextureOffset="28,-3" Texture="CloseMinButtons.dds" ToolTip="TXT_KEY_ESC_TO_EXIT"/>"

			<!-- Top Tab Buttons -->
			<Stack Offset="38,-35" Size="64,64" StackGrowth="Right" Padding="1">
				<Button ID="CategoryButton1" Anchor="C,T" Size="46,50" Offset="0,-10" Texture="CivilopediaTopButtonsHome.dds" ToolTip="TXT_KEY_PEDIA_CATEGORY_1_LABEL"/>
				<Button ID="CategoryButton2" Anchor="C,T" Size="46,50" Offset="0,-10" Texture="CivilopediaTopButtonsGameplay.dds" ToolTip="TXT_KEY_PEDIA_CATEGORY_2_LABEL"/>
				<Button ID="CategoryButton3" Anchor="C,T" Size="46,50" Offset="0,-10" Texture="CivilopediaTopButtonsTechnology.dds" ToolTip="TXT_KEY_PEDIA_CATEGORY_3_LABEL"/>
				<Button ID="CategoryButton4" Anchor="C,T" Size="46,50" Offset="0,-10" Texture="CivilopediaTopButtonsUnit.dds" ToolTip="TXT_KEY_PEDIA_CATEGORY_4_LABEL"/>
				<Button ID="CategoryButton5" Anchor="C,T" Size="46,50" Offset="0,-10" Texture="CivilopediaTopButtonsPromotions.dds" ToolTip="TXT_KEY_PEDIA_CATEGORY_5_LABEL"/>
				<Button ID="CategoryButton6" Anchor="C,T" Size="46,50" Offset="0,-10" Texture="CivilopediaTopButtonsBuildings.dds" ToolTip="TXT_KEY_PEDIA_CATEGORY_6_LABEL"/>
				<Button ID="CategoryButton7" Anchor="C,T" Size="46,50" Offset="0,-10" Texture="CivilopediaTopButtonsWonders.dds" ToolTip="TXT_KEY_PEDIA_CATEGORY_7_LABEL"/>
				<Button ID="CategoryButton8" Anchor="C,T" Size="46,50" Offset="0,-10" Texture="CivilopediaTopButtonsSocialPolicy.dds" ToolTip="TXT_KEY_PEDIA_CATEGORY_8_LABEL"/>
				<Button ID="CategoryButton9" Anchor="C,T" Size="46,50" Offset="0,-10" Texture="CivilopediaTopButtonsGreatPersons.dds" ToolTip="TXT_KEY_PEDIA_CATEGORY_9_LABEL"/>
				<Button ID="CategoryButton10" Anchor="C,T" Size="46,50" Offset="0,-10" Texture="CivilopediaTopButtonsCivsCityStates.dds" ToolTip="TXT_KEY_PEDIA_CATEGORY_10_LABEL"/>
				<Button ID="CategoryButton11" Anchor="C,T" Size="46,50" Offset="0,-10" Texture="CivilopediaTopButtonsCities.dds" ToolTip="TXT_KEY_PEDIA_CATEGORY_11_LABEL"/>
				<Button ID="CategoryButton12" Anchor="C,T" Size="46,50" Offset="0,-10" Texture="CivilopediaTopButtonsTerrian.dds" ToolTip="TXT_KEY_PEDIA_CATEGORY_12_LABEL"/>
				<Button ID="CategoryButton13" Anchor="C,T" Size="46,50" Offset="0,-10" Texture="CivilopediaTopButtonsResourcesImprovements.dds" ToolTip="TXT_KEY_PEDIA_CATEGORY_13_LABEL"/>
				<Button ID="CategoryButton14" Anchor="C,T" Size="46,50" Offset="0,-10" Texture="CivilopediaTopButtonsImprovements.dds" ToolTip="TXT_KEY_PEDIA_CATEGORY_14_LABEL"/>
				<Button ID="CategoryButton15" Anchor="C,T" Size="46,50" Offset="0,-10" Texture="CivilopediaTopButtonsReligion.dds" ToolTip="TXT_KEY_PEDIA_CATEGORY_15_LABEL"/>
				<Button ID="CategoryButton16" Anchor="C,T" Size="46,50" Offset="0,-10" Texture="CivilopediaTopButtonsWorldCongress.dds" ToolTip="TXT_KEY_PEDIA_CATEGORY_16_LABEL"/>
			</Stack>
			<!-- Selected Button -->
			<Stack Offset="38,-35" Size="64,64" StackGrowth="Right" Padding="1">
				<Image ID="SelectedCategoryTab" Anchor="C,T" Size="46,50" Offset="0,-10" TextureOffset="0,50" Texture="CivilopediaTopButtonsHome.dds">
				</Image>
			</Stack>
		</Grid>
		<Image Offset="273,125" Texture="SideRight.dds" Size="13,1500"/>
		<!--Invisible box that everything is anchored to-->
		<Container Anchor="C,T" Size="1000,980" Offset="0,126">
			<!--glowy blue background behind list of articles-->
			<AlphaAnim Size="270,Full" Pause="0" Cycle="Bounce" Speed="1" AlphaStart=".55" AlphaEnd=".75">
				<Grid Size="270,full" Style="GridGlass16"/>
			</AlphaAnim>
			<ScrollPanel ID="ScrollPanel" Size="980,980" Vertical="1">
				<ScrollBar Style="VertSlider" AnchorSide="O,I" Anchor="R,C"/>
				<UpButton Style="ScrollBarUp" AnchorSide="O,I" Anchor="R,T"/>
				<DownButton Style="ScrollBarDown" AnchorSide="O,I" Anchor="R,B"/>
				<!--large (wide) content stack-->
				<Stack ID="WideStack" Anchor="R,T" Offset="20,0" Size="64,64" StackGrowth="Bottom" Padding="12">
					<!-- Name -->
					<Image Anchor="R,T" Size="500,64" Offset="-18,0" Texture="CivilopediaTitle.dds">
						<Label ID="ArticleID" Anchor="C,C" Offset="0,-2" Font="TwCenMT20" FontStyle="SoftShadow" Color0="Beige" Color1="0.0.0.160" String="title goes here"/>
					</Image>
					<!-- Subtitle -->
					<Image ID="SubtitleID" Anchor="R,T" Size="500,64" Offset="-18,-30" Texture="CivilopediaTitle.dds">
						<Label ID="SubtitleLabel" Anchor="C,C" Offset="0,-2" Font="TwCenMT20" FontStyle="SoftShadow" Color0="Beige" Color1="0.0.0.160" String="Subtitle goes here"/>
					</Image>
					<!-- Game Info -->
					<Grid ID="GameInfoFrame" Anchor="R,T" Size="436,180" Style="GridBlackIndent8">
						<Label Offset="4,-18" Anchorside="I.O" WrapWidth="600" LeadingOffset="0" Font="TwCenMT20" FontStyle="Shadow" Color0="Beige" Color1="0.0.0.160" String="TXT_KEY_PEDIA_GAME_INFO_LABEL"/>
						<Grid ID="GameInfoInnerFrame" Anchor="C,C" Size="440,184" Style="Grid9Frame">
							<Stack Size="64,64" StackGrowth="Bottom">
								<Label ID="GameInfoLabel" Offset="15,15" WrapWidth="415" LeadingOffset="-5" Font="TwCenMT18" FontStyle="Shadow" Color0="Beige" Color1="0.0.0.160" String="text goes here"/>
							</Stack>
						</Grid>
					</Grid>
					<!--Home Page blub infos -->
					<Grid ID="HomePageBlurbFrame" Offset="78,0" Size="436,180" Style="GridBlackIndent8">
						<Grid ID="HomePageBlurbInnerFrame" Anchor="C,C" Size="440,184" Style="Grid9Frame">
							<Stack Offset="12,0" Size="64,64" StackGrowth="Bottom">
								<Label ID="HomePageBlurbLabel" Offset="0,15" WrapWidth="415" LeadingOffset="-5" Font="TwCenMT18" FontStyle="Shadow" Color0="Beige" Color1="0.0.0.160" String="text goes here"/>
							</Stack>
						</Grid>
					</Grid>
					<!-- Quote -->
					<Grid ID="QuoteFrame" Anchor="R,T" Offset="0,24" Size="436,150" Style="GridBlackIndent8">
						<Label Offset="4,-18" Anchorside="I.O" WrapWidth="600" LeadingOffset="0" Font="TwCenMT20" FontStyle="Shadow" Color0="Beige" Color1="0.0.0.160" String="TXT_KEY_PEDIA_QUOTE_LABEL"/>
						<Grid ID="QuoteInnerFrame" Anchor="C,C" Size="440,154" Style="Grid9Frame">
							<Label ID="QuoteLabel" Offset="15,15" WrapWidth="415" LeadingOffset="-5" Font="TwCenMT18" FontStyle="Shadow" Color0="Beige" Color1="0.0.0.160" String="quote goes here"/>
						</Grid>
					</Grid>
					<!-- Special Abilities -->
					<Grid ID="AbilitiesFrame" Anchor="R,T" Offset="0,24" Size="436,60" Style="GridBlackIndent8">
						<Label Offset="4,-18" Anchorside="I.O" WrapWidth="600" LeadingOffset="0" Font="TwCenMT20" FontStyle="Shadow" Color0="Beige" Color1="0.0.0.160" String="TXT_KEY_PEDIA_ABILITIES_LABEL"/>
						<Grid ID="AbilitiesInnerFrame" Anchor="C,C" Size="440,64" Style="Grid9Frame">
							<Label ID="AbilitiesLabel" Offset="12,12" WrapWidth="415" LeadingOffset="-5" Font="TwCenMT18" FontStyle="Shadow" Color0="Beige" Color1="0.0.0.160"/>
						</Grid>
					</Grid>
					<!-- Silent Quote -->
					<Grid ID="SilentQuoteFrame" Anchor="R,T" Offset="0,24" Size="436,200" Style="GridBlackIndent8">
						<Label Offset="4,-18" Anchorside="I.O" WrapWidth="600" LeadingOffset="0" Font="TwCenMT20" FontStyle="Shadow" Color0="Beige" Color1="0.0.0.160" String="TXT_KEY_PEDIA_QUOTE_LABEL"/>
						<Grid ID="SilentQuoteInnerFrame" Anchor="C,C" Size="440,204" Style="Grid9Frame">
							<Label ID="SilentQuoteLabel" Offset="15,15" WrapWidth="420" LeadingOffset="-5" Font="TwCenMT18" FontStyle="Shadow" Color0="Beige" Color1="0.0.0.160"/>
						</Grid>
					</Grid>
					<!-- Strategy -->
					<Grid ID="StrategyFrame" Anchor="R,T" Offset="0,24" Size="436,200" Style="GridBlackIndent8">
						<Label Offset="4,-18" Anchorside="I.O" WrapWidth="600" LeadingOffset="0" Font="TwCenMT20" FontStyle="Shadow" Color0="Beige" Color1="0.0.0.160" String="TXT_KEY_PEDIA_STRATEGY_LABEL"/>
						<Grid ID="StrategyInnerFrame" Anchor="C,C" Size="440,204" Style="Grid9Frame">
							<Label ID="StrategyLabel" Offset="15,15" WrapWidth="415" LeadingOffset="-5" Font="TwCenMT18" FontStyle="Shadow" Color0="Beige" Color1="0.0.0.160"/>
						</Grid>
					</Grid>
					<!-- History -->
					<Grid ID="HistoryFrame" Anchor="R,T" Offset="0,24" Size="436,200" Style="GridBlackIndent8">
						<Label Offset="4,-18" Anchorside="I.O" WrapWidth="600" LeadingOffset="0" Font="TwCenMT20" FontStyle="Shadow" Color0="Beige" Color1="0.0.0.160" String="TXT_KEY_PEDIA_HISTORICAL_LABEL"/>
						<Grid ID="HistoryInnerFrame" Anchor="C,C" Size="440,204" Style="Grid9Frame">
							<Label ID="HistoryLabel" Offset="15,15" WrapWidth="415" LeadingOffset="-5" Font="TwCenMT18" FontStyle="Shadow" Color0="Beige" Color1="0.0.0.160"/>
						</Grid>
					</Grid>
					<!-- Summary -->
					<Grid ID="SummaryFrame" Anchor="R,T" Offset="0,24" Size="436,200" Style="GridBlackIndent8">
						<Label Offset="4,-18" Anchorside="I.O" WrapWidth="600" LeadingOffset="0" Font="TwCenMT20" FontStyle="Shadow" Color0="Beige" Color1="0.0.0.160" String="TXT_KEY_PEDIA_SUMMARY_LABEL"/>
						<Grid ID="SummaryInnerFrame" Anchor="C,C" Size="440,204" Style="Grid9Frame">
							<Label ID="SummaryLabel" Offset="15,15" WrapWidth="415" LeadingOffset="-5" Font="TwCenMT18" FontStyle="Shadow" Color0="Beige" Color1="0.0.0.160"/>
						</Grid>
					</Grid>
					<!-- Extended -->
					<Grid ID="ExtendedFrame" Anchor="R,T" Offset="0,24" Size="436,200" Style="GridBlackIndent8">
						<Label Offset="4,-18" Anchorside="I.O" WrapWidth="600" LeadingOffset="0" Font="TwCenMT20" FontStyle="Shadow" Color0="Beige" Color1="0.0.0.160" String="TXT_KEY_PEDIA_EXTENDED_LABEL"/>
						<Grid ID="ExtendedInnerFrame" Anchor="C,C" Size="440,204" Style="Grid9Frame">
							<Label ID="ExtendedLabel" Offset="15,15" WrapWidth="415" LeadingOffset="-5" Font="TwCenMT18" FontStyle="Shadow" Color0="Beige" Color1="0.0.0.160"/>
						</Grid>
					</Grid>
					<Stack ID="FFTextStack" Offset="440,0" Size="64,64" StackGrowth="Bottom" Padding="12"/>
					<!-- Designer's Notes -->
					<Grid ID="DNotesFrame" Anchor="R,T" Offset="0,24" Size="436,200" Style="GridBlackIndent8">
						<Label Offset="4,-18" Anchorside="I.O" WrapWidth="600" LeadingOffset="0" Font="TwCenMT20" FontStyle="Shadow" Color0="Beige" Color1="0.0.0.160" String="TXT_KEY_PEDIA_DNOTES_LABEL"/>
						<Grid ID="DNotesInnerFrame" Anchor="C,C" Size="440,204" Style="Grid9Frame">
							<Label ID="DNotesLabel" Offset="15,15" WrapWidth="415" LeadingOffset="-5" Font="TwCenMT18" FontStyle="Shadow" Color0="Beige" Color1="0.0.0.160"/>
						</Grid>
					</Grid>
					<!-- Related Images -->
					<Grid ID="RelatedImagesFrame" Anchor="R,T" Offset="0,24" Size="436,200" Style="GridBlackIndent8">
						<Label Offset="4,-18" Anchorside="I.O" WrapWidth="600" LeadingOffset="0" Font="TwCenMT20" FontStyle="Shadow" Color0="Beige" Color1="0.0.0.160" String="TXT_KEY_PEDIA_RELATED_IMAGES_LABEL"/>
						<Grid ID="RelatedImagesInnerFrame" Anchor="C,C" Size="440,204" Style="Grid9Frame">
						</Grid>
					</Grid>
					<!-- bottom spacing -->
					<Box Anchor="R,T" Size="1,10" Color="255,255,255,0"/>
				</Stack>
				<!--Full Page content -->
				<Stack ID="SuperWideStack" Offset="320,260" StackGrowth="Bottom" Padding="12">
					<!-- Wide Text Block Help Info -->
					<Grid ID="WideTextBlockFrame" Anchor="R,T" Offset="0,18" Size="636,180" Style="GridBlackIndent8">
						<Label Offset="4,-18" Anchorside="I.O" WrapWidth="600" LeadingOffset="0" Font="TwCenMT20" FontStyle="Shadow" Color0="Beige" Color1="0.0.0.160" String="TXT_KEY_PEDIA_HOME_PAGE_HELP_LABEL"/>
						<Grid ID="WideTextBlockInnerFrame" Anchor="C,C" Size="640,184" Style="Grid9Frame">
							<Stack Offset="12,0" Size="64,64" StackGrowth="Bottom">
								<Label ID="WideTextBlockLabel" Offset="0,12" WrapWidth="600" LeadingOffset="-5" Font="TwCenMT18" FontStyle="Shadow" Color0="Beige" Color1="0.0.0.160" String="text goes here"/>
							</Stack>
						</Grid>
					</Grid>
					<Stack ID="BBTextStack" Size="64,64" StackGrowth="Bottom" Padding="12"/>
				</Stack>
				<!--small (narrow) content stack-->
				<Stack ID="NarrowStack" Offset="304,0" StackGrowth="Bottom" Padding="12">
					<!-- Portrait -->
					<Image ID="PortraitFrame" Offset="-24,0" Texture="256x256Frame.dds" Size="256,256">
						<Image ID="Portrait" Anchor="C,C" Size="256,256"/>
					</Image>
					<!-- Cost -->
					<Grid ID="CostFrame" Offset="0,24" Size="204,36" Style="GridBlackIndent8">
						<Grid Anchor="C,C" Size="208,40" Style="Grid9Frame">
							<Label Offset="4,-16" Anchorside="I.O" WrapWidth="600" LeadingOffset="0" Font="TwCenMT20" FontStyle="Shadow" Color0="Beige" Color1="0.0.0.160" String="TXT_KEY_PEDIA_COST_LABEL"/>
							<Label ID="CostLabel" Anchor="L,C" Offset="8,-2" Anchorside="I.O" WrapWidth="600" LeadingOffset="0" Font="TwCenMT20" FontStyle="Shadow" Color0="Beige" Color1="0.0.0.160" String="60 Science"/>
						</Grid>
					</Grid>
					<!-- Lived -->
					<Grid ID="LivedFrame" Offset="0,24" Size="204,36" Style="GridBlackIndent8">
						<Grid Anchor="C,C" Size="208,40" Style="Grid9Frame">
							<Label Offset="4,-16" Anchorside="I.O" WrapWidth="600" LeadingOffset="0" Font="TwCenMT20" FontStyle="Shadow" Color0="Beige" Color1="0.0.0.160" String="TXT_KEY_PEDIA_LIVED_LABEL"/>
							<Label ID="LivedLabel" Anchor="L,C" Offset="8,-2" Anchorside="I.O" WrapWidth="600" LeadingOffset="0" Font="TwCenMT20" FontStyle="Shadow" Color0="Beige" Color1="0.0.0.160" String="???-???"/>
						</Grid>
					</Grid>
					<!-- Titles etc. -->
					<Grid ID="TitlesFrame" Offset="0,24" Size="204,36" Style="GridBlackIndent8">
						<Grid ID="TitlesInnerFrame" Anchor="C,C" Size="208,40" Style="Grid9Frame">
							<Label Offset="4,-16" Anchorside="I.O" WrapWidth="600" LeadingOffset="0" Font="TwCenMT20" FontStyle="Shadow" Color0="Beige" Color1="0.0.0.160" String="TXT_KEY_PEDIA_TITLES_LABEL"/>
							<Label ID="TitlesLabel" Anchor="L,C" Offset="8,-2" Anchorside="I.O" WrapWidth="190" LeadingOffset="-5" Font="TwCenMT20" FontStyle="Shadow" Color0="Beige" Color1="0.0.0.160" String="???"/>
						</Grid>
					</Grid>
					<!-- Maintenance -->
					<Grid ID="MaintenanceFrame" Offset="0,24" Size="204,36" Style="GridBlackIndent8">
						<Grid Anchor="C,C" Size="208,40" Style="Grid9Frame">
							<Label Offset="4,-16" Anchorside="I.O" WrapWidth="600" LeadingOffset="0" Font="TwCenMT20" FontStyle="Shadow" Color0="Beige" Color1="0.0.0.160" String="TXT_KEY_PEDIA_MAINT_LABEL"/>
							<Label ID="MaintenanceLabel" Anchor="L,C" Offset="8,-2" Anchorside="I.O" WrapWidth="600" LeadingOffset="0" Font="TwCenMT20" FontStyle="Shadow" Color0="Beige" Color1="0.0.0.160" String="60 Gold"/>
						</Grid>
					</Grid>
					<!-- Happiness -->
					<Grid ID="HappinessFrame" Offset="0,24" Size="204,36" Style="GridBlackIndent8">
						<Grid Anchor="C,C" Size="208,40" Style="Grid9Frame">
							<Label Offset="4,-16" Anchorside="I.O" WrapWidth="600" LeadingOffset="0" Font="TwCenMT20" FontStyle="Shadow" Color0="Beige" Color1="0.0.0.160" String="TXT_KEY_PEDIA_HAPPINESS_LABEL"/>
							<Label ID="HappinessLabel" Anchor="L,C" Offset="8,-2" Anchorside="I.O" WrapWidth="600" LeadingOffset="0" Font="TwCenMT20" FontStyle="Shadow" Color0="Beige" Color1="0.0.0.160"/>
						</Grid>
					</Grid>
					<!-- UnmoddedHappiness -->
					<Grid ID="UnmoddedHappinessFrame" Offset="0,24" Size="204,36" Style="GridBlackIndent8">
						<Grid Anchor="C,C" Size="208,40" Style="Grid9Frame">
							<Label Offset="4,-16" Anchorside="I.O" WrapWidth="600" LeadingOffset="0" Font="TwCenMT20" FontStyle="Shadow" Color0="Beige" Color1="0.0.0.160" String="TXT_KEY_PEDIA_HAPPINESS_LABEL"/>
							<Label ID="UnmoddedHappinessLabel" Anchor="L,C" Offset="8,-2" Anchorside="I.O" WrapWidth="600" LeadingOffset="0" Font="TwCenMT20" FontStyle="Shadow" Color0="Beige" Color1="0.0.0.160"/>
						</Grid>
					</Grid>
					<!-- Culture -->
					<Grid ID="CultureFrame" Offset="0,24" Size="204,36" Style="GridBlackIndent8">
						<Grid Anchor="C,C" Size="208,40" Style="Grid9Frame">
							<Label Offset="4,-16" Anchorside="I.O" WrapWidth="600" LeadingOffset="0" Font="TwCenMT20" FontStyle="Shadow" Color0="Beige" Color1="0.0.0.160" String="TXT_KEY_PEDIA_CULTURE_LABEL"/>
							<Label ID="CultureLabel" Anchor="L,C" Offset="8,-2" Anchorside="I.O" WrapWidth="600" LeadingOffset="0" Font="TwCenMT20" FontStyle="Shadow" Color0="Beige" Color1="0.0.0.160"/>
						</Grid>
					</Grid>
					<!-- Faith -->
					<Grid ID="FaithFrame" Offset="0,24" Size="204,36" Style="GridBlackIndent8">
						<Grid Anchor="C,C" Size="208,40" Style="Grid9Frame">
							<Label Offset="4,-16" Anchorside="I.O" WrapWidth="600" LeadingOffset="0" Font="TwCenMT20" FontStyle="Shadow" Color0="Beige" Color1="0.0.0.160" String="TXT_KEY_PEDIA_FAITH_LABEL"/>
							<Label ID="FaithLabel" Anchor="L,C" Offset="8,-2" Anchorside="I.O" WrapWidth="600" LeadingOffset="0" Font="TwCenMT20" FontStyle="Shadow" Color0="Beige" Color1="0.0.0.160"/>
						</Grid>
					</Grid>
					<!-- Defense -->
					<Grid ID="DefenseFrame" Offset="0,24" Size="204,36" Style="GridBlackIndent8">
						<Grid Anchor="C,C" Size="208,40" Style="Grid9Frame">
							<Label Offset="4,-16" Anchorside="I.O" WrapWidth="600" LeadingOffset="0" Font="TwCenMT20" FontStyle="Shadow" Color0="Beige" Color1="0.0.0.160" String="TXT_KEY_PEDIA_DEFENSE_LABEL"/>
							<Label ID="DefenseLabel" Anchor="L,C" Offset="8,-2" Anchorside="I.O" WrapWidth="600" LeadingOffset="0" Font="TwCenMT20" FontStyle="Shadow" Color0="Beige" Color1="0.0.0.160"/>
						</Grid>
					</Grid>
					<!-- Food Change -->
					<Grid ID="FoodFrame" Offset="0,24" Size="204,36" Style="GridBlackIndent8">
						<Grid Anchor="C,C" Size="208,40" Style="Grid9Frame">
							<Label Offset="4,-16" Anchorside="I.O" WrapWidth="600" LeadingOffset="0" Font="TwCenMT20" FontStyle="Shadow" Color0="Beige" Color1="0.0.0.160" String="TXT_KEY_PEDIA_FOOD_LABEL"/>
							<Label ID="FoodLabel" Anchor="L,C" Offset="8,-2" Anchorside="I.O" WrapWidth="600" LeadingOffset="0" Font="TwCenMT20" FontStyle="Shadow" Color0="Beige" Color1="0.0.0.160"/>
						</Grid>
					</Grid>
					<!-- Gold Change -->
					<Grid ID="GoldChangeFrame" Offset="0,24" Size="204,36" Style="GridBlackIndent8">
						<Grid Anchor="C,C" Size="208,40" Style="Grid9Frame">
							<Label Offset="4,-16" Anchorside="I.O" WrapWidth="600" LeadingOffset="0" Font="TwCenMT20" FontStyle="Shadow" Color0="Beige" Color1="0.0.0.160" String="TXT_KEY_PEDIA_GOLD_LABEL"/>
							<Label ID="GoldChangeLabel" Anchor="L,C" Offset="8,-2" Anchorside="I.O" WrapWidth="600" LeadingOffset="0" Font="TwCenMT20" FontStyle="Shadow" Color0="Beige" Color1="0.0.0.160"/>
						</Grid>
					</Grid>
					<!-- Gold -->
					<Grid ID="GoldFrame" Offset="0,24" Size="204,36" Style="GridBlackIndent8">
						<Grid Anchor="C,C" Size="208,40" Style="Grid9Frame">
							<Label Offset="4,-16" Anchorside="I.O" WrapWidth="600" LeadingOffset="0" Font="TwCenMT20" FontStyle="Shadow" Color0="Beige" Color1="0.0.0.160" String="TXT_KEY_PEDIA_GOLD_LABEL"/>
							<Label ID="GoldLabel" Anchor="L,C" Offset="8,-2" Anchorside="I.O" WrapWidth="600" LeadingOffset="0" Font="TwCenMT20" FontStyle="Shadow" Color0="Beige" Color1="0.0.0.160"/>
						</Grid>
					</Grid>
					<!-- Science -->
					<Grid ID="ScienceFrame" Offset="0,24" Size="204,36" Style="GridBlackIndent8">
						<Grid Anchor="C,C" Size="208,40" Style="Grid9Frame">
							<Label Offset="4,-16" Anchorside="I.O" WrapWidth="600" LeadingOffset="0" Font="TwCenMT20" FontStyle="Shadow" Color0="Beige" Color1="0.0.0.160" String="TXT_KEY_PEDIA_SCIENCE_LABEL"/>
							<Label ID="ScienceLabel" Anchor="L,C" Offset="8,-2" Anchorside="I.O" WrapWidth="600" LeadingOffset="0" Font="TwCenMT20" FontStyle="Shadow" Color0="Beige" Color1="0.0.0.160"/>
						</Grid>
					</Grid>
					<!-- Production -->
					<Grid ID="ProductionFrame" Offset="0,24" Size="204,36" Style="GridBlackIndent8">
						<Grid Anchor="C,C" Size="208,40" Style="Grid9Frame">
							<Label Offset="4,-16" Anchorside="I.O" WrapWidth="600" LeadingOffset="0" Font="TwCenMT20" FontStyle="Shadow" Color0="Beige" Color1="0.0.0.160" String="TXT_KEY_PEDIA_PRODUCTION_LABEL"/>
							<Label ID="ProductionLabel" Anchor="L,C" Offset="8,-2" Anchorside="I.O" WrapWidth="600" LeadingOffset="0" Font="TwCenMT20" FontStyle="Shadow" Color0="Beige" Color1="0.0.0.160"/>
						</Grid>
					</Grid>
					<!-- Great People -->
					<Grid ID="GreatPeopleFrame" Offset="0,24" Size="204,36" Style="GridBlackIndent8">
						<Grid Anchor="C,C" Size="208,40" Style="Grid9Frame">
							<Label ID="GPTitle" Offset="4,-16" Anchorside="I.O" WrapWidth="600" LeadingOffset="0" Font="TwCenMT20" FontStyle="Shadow" Color0="Beige" Color1="0.0.0.160" String="TXT_KEY_PEDIA_GP_LABEL"/>
							<Label ID="GreatPeopleLabel" Anchor="L,C" Offset="8,-2" Anchorside="I.O" WrapWidth="600" LeadingOffset="0" Font="TwCenMT20" FontStyle="Shadow" Color0="Beige" Color1="0.0.0.160"/>
						</Grid>
					</Grid>
					<!-- Combat Type -->
					<Grid ID="CombatTypeFrame" Offset="0,24" Size="204,36" Style="GridBlackIndent8">
						<Grid Anchor="C,C" Size="208,40" Style="Grid9Frame">
							<Label Offset="4,-16" Anchorside="I.O" WrapWidth="600" LeadingOffset="0" Font="TwCenMT20" FontStyle="Shadow" Color0="Beige" Color1="0.0.0.160" String="TXT_KEY_PEDIA_COMBATTYPE_LABEL"/>
							<Label ID="CombatTypeLabel" Anchor="L,C" Offset="8,-2" Anchorside="I.O" WrapWidth="600" LeadingOffset="0" Font="TwCenMT20" FontStyle="Shadow" Color0="Beige" Color1="0.0.0.160"/>
						</Grid>
					</Grid>
					<!-- Combat Strength -->
					<Grid ID="CombatFrame" Offset="0,24" Size="204,36" Style="GridBlackIndent8">
						<Grid Anchor="C,C" Size="208,40" Style="Grid9Frame">
							<Label Offset="4,-16" Anchorside="I.O" WrapWidth="600" LeadingOffset="0" Font="TwCenMT20" FontStyle="Shadow" Color0="Beige" Color1="0.0.0.160" String="TXT_KEY_PEDIA_COMBAT_LABEL"/>
							<Label ID="CombatLabel" Anchor="L,C" Offset="8,-2" Anchorside="I.O" WrapWidth="600" LeadingOffset="0" Font="TwCenMT20" FontStyle="Shadow" Color0="Beige" Color1="0.0.0.160" String="11.3"/>
						</Grid>
					</Grid>
					<!-- Ranged Combat Strength -->
					<Grid ID="RangedCombatFrame" Offset="0,24" Size="204,36" Style="GridBlackIndent8">
						<Grid Anchor="C,C" Size="208,40" Style="Grid9Frame">
							<Label Offset="4,-16" Anchorside="I.O" WrapWidth="600" LeadingOffset="0" Font="TwCenMT20" FontStyle="Shadow" Color0="Beige" Color1="0.0.0.160" String="TXT_KEY_PEDIA_RANGEDCOMBAT_LABEL"/>
							<Label ID="RangedCombatLabel" Anchor="L,C" Offset="8,-2" Anchorside="I.O" WrapWidth="600" LeadingOffset="0" Font="TwCenMT20" FontStyle="Shadow" Color0="Beige" Color1="0.0.0.160" String="11.4"/>
						</Grid>
					</Grid>
					<!-- Ranged Combat Range -->
					<Grid ID="RangedCombatRangeFrame" Offset="0,24" Size="204,36" Style="GridBlackIndent8">
						<Grid Anchor="C,C" Size="208,40" Style="Grid9Frame">
							<Label Offset="4,-16" Anchorside="I.O" WrapWidth="600" LeadingOffset="0" Font="TwCenMT20" FontStyle="Shadow" Color0="Beige" Color1="0.0.0.160" String="TXT_KEY_PEDIA_RANGE_LABEL"/>
							<Label ID="RangedCombatRangeLabel" Anchor="L,C" Offset="8,-2" Anchorside="I.O" WrapWidth="600" LeadingOffset="0" Font="TwCenMT20" FontStyle="Shadow" Color0="Beige" Color1="0.0.0.160" String="11.5"/>
						</Grid>
					</Grid>
					<!-- Movement Range -->
					<Grid ID="MovementFrame" Offset="0,24" Size="204,36" Style="GridBlackIndent8">
						<Grid Anchor="C,C" Size="208,40" Style="Grid9Frame">
							<Label Offset="4,-16" Anchorside="I.O" WrapWidth="600" LeadingOffset="0" Font="TwCenMT20" FontStyle="Shadow" Color0="Beige" Color1="0.0.0.160" String="TXT_KEY_PEDIA_MOVEMENT_LABEL"/>
							<Label ID="MovementLabel" Anchor="L,C" Offset="8,-2" Anchorside="I.O" WrapWidth="600" LeadingOffset="0" Font="TwCenMT20" FontStyle="Shadow" Color0="Beige" Color1="0.0.0.160" String="11.5"/>
						</Grid>
					</Grid>
					<!-- City Yield -->
					<Grid ID="YieldFrame" Offset="0,24" Size="204,36" Style="GridBlackIndent8">
						<Grid Anchor="C,C" Size="208,40" Style="Grid9Frame">
							<Label Offset="4,-16" Anchorside="I.O" WrapWidth="600" LeadingOffset="0" Font="TwCenMT20" FontStyle="Shadow" Color0="Beige" Color1="0.0.0.160" String="TXT_KEY_PEDIA_YIELD_LABEL"/>
							<Label ID="YieldLabel" Anchor="L,C" Offset="8,-2" Anchorside="I.O" WrapWidth="600" LeadingOffset="0" Font="TwCenMT20" FontStyle="Shadow" Color0="Beige" Color1="0.0.0.160"/>
						</Grid>
					</Grid>
					<!-- Mountain Adjacency Yield -->
					<Grid ID="MountainYieldFrame" Offset="0,24" Size="204,36" Style="GridBlackIndent8">
						<Grid Anchor="C,C" Size="208,40" Style="Grid9Frame">
							<Label Offset="4,-16" Anchorside="I.O" WrapWidth="600" LeadingOffset="0" Font="TwCenMT20" FontStyle="Shadow" Color0="Beige" Color1="0.0.0.160" String="TXT_KEY_PEDIA_MOUNTAINADJYIELD_LABEL"/>
							<Label ID="MountainYieldLabel" Anchor="L,C" Offset="8,-2" Anchorside="I.O" WrapWidth="600" LeadingOffset="0" Font="TwCenMT20" FontStyle="Shadow" Color0="Beige" Color1="0.0.0.160"/>
						</Grid>
					</Grid>
					<!-- Movement Cost -->
					<Grid ID="MovementCostFrame" Offset="0,24" Size="204,36" Style="GridBlackIndent8">
						<Grid Anchor="C,C" Size="208,40" Style="Grid9Frame">
							<Label Offset="4,-16" Anchorside="I.O" WrapWidth="600" LeadingOffset="0" Font="TwCenMT20" FontStyle="Shadow" Color0="Beige" Color1="0.0.0.160" String="TXT_KEY_PEDIA_MOVECOST_LABEL"/>
							<Label ID="MovementCostLabel" Anchor="L,C" Offset="8,-2" Anchorside="I.O" WrapWidth="600" LeadingOffset="0" Font="TwCenMT20" FontStyle="Shadow" Color0="Beige" Color1="0.0.0.160"/>
						</Grid>
					</Grid>
					<!-- Combat Modifier -->
					<Grid ID="CombatModFrame" Offset="0,24" Size="204,36" Style="GridBlackIndent8">
						<Grid Anchor="C,C" Size="208,40" Style="Grid9Frame">
							<Label Offset="4,-16" Anchorside="I.O" WrapWidth="600" LeadingOffset="0" Font="TwCenMT20" FontStyle="Shadow" Color0="Beige" Color1="0.0.0.160" String="TXT_KEY_PEDIA_COMBATMOD_LABEL"/>
							<Label ID="CombatModLabel" Anchor="L,C" Offset="8,-2" Anchorside="I.O" WrapWidth="600" LeadingOffset="0" Font="TwCenMT20" FontStyle="Shadow" Color0="Beige" Color1="0.0.0.160"/>
						</Grid>
					</Grid>
					<!-- Policy Branch -->
					<Grid ID="PolicyBranchFrame" Offset="0,24" Size="204,36" Style="GridBlackIndent8">
						<Grid Anchor="C,C" Size="208,40" Style="Grid9Frame">
							<Label Offset="4,-16" Anchorside="I.O" WrapWidth="600" LeadingOffset="0" Font="TwCenMT20" FontStyle="Shadow" Color0="Beige" Color1="0.0.0.160" String="TXT_KEY_PEDIA_POLICYBRANCH_LABEL"/>
							<Label ID="PolicyBranchLabel" Anchor="L,C" Offset="8,-2" Anchorside="I.O" WrapWidth="600" LeadingOffset="0" Font="TwCenMT20" FontStyle="Shadow" Color0="Beige" Color1="0.0.0.160" String="11.8"/>
						</Grid>
					</Grid>
					<!-- Tenet Level -->
					<Grid ID="TenetLevelFrame" Offset="0,24" Size="204,36" Style="GridBlackIndent8">
						<Grid Anchor="C,C" Size="208,40" Style="Grid9Frame">
							<Label Offset="4,-16" Anchorside="I.O" WrapWidth="600" LeadingOffset="0" Font="TwCenMT20" FontStyle="Shadow" Color0="Beige" Color1="0.0.0.160" String="{TXT_KEY_PEDIA_TENET_LEVEL}:"/>
							<Label ID="TenetLevelLabel" Anchor="L,C" Offset="8,-2" Anchorside="I.O" WrapWidth="600" LeadingOffset="0" Font="TwCenMT20" FontStyle="Shadow" Color0="Beige" Color1="0.0.0.160" String="11.8"/>
						</Grid>
					</Grid>
					<!-- Prereq Era -->
					<Grid ID="PrereqEraFrame" Offset="0,24" Size="204,36" Style="GridBlackIndent8">
						<Grid Anchor="C,C" Size="208,40" Style="Grid9Frame">
							<Label Offset="4,-16" Anchorside="I.O" WrapWidth="600" LeadingOffset="0" Font="TwCenMT20" FontStyle="Shadow" Color0="Beige" Color1="0.0.0.160" String="TXT_KEY_PEDIA_PREREQ_ERA_LABEL"/>
							<Label ID="PrereqEraLabel" Anchor="L,C" Offset="8,-2" Anchorside="I.O" WrapWidth="600" LeadingOffset="0" Font="TwCenMT20" FontStyle="Shadow" Color0="Beige" Color1="0.0.0.160" String="11.7"/>
						</Grid>
					</Grid>
					<!-- Leaders -->
					<Grid ID="LeadersFrame" Offset="0,24" Size="204,136" Style="GridBlackIndent8">
						<Grid ID="LeadersInnerFrame" Anchor="C,C" Size="208,140" Style="Grid9Frame">
							<Label Offset="4,-16" Anchorside="I.O" WrapWidth="600" LeadingOffset="0" Font="TwCenMT20" FontStyle="Shadow" Color0="Beige" Color1="0.0.0.160" String="TXT_KEY_PEDIA_LEADERS_LABEL"/>
						</Grid>
					</Grid>
					<!-- Civs -->
					<Grid ID="CivilizationsFrame" Offset="0,24" Size="204,136" Style="GridBlackIndent8">
						<Grid ID="CivilizationsInnerFrame" Anchor="C,C" Size="208,140" Style="Grid9Frame">
							<Label Offset="4,-16" Anchorside="I.O" WrapWidth="600" LeadingOffset="0" Font="TwCenMT20" FontStyle="Shadow" Color0="Beige" Color1="0.0.0.160" String="TXT_KEY_PEDIA_CIVILIZATIONS_LABEL"/>
						</Grid>
					</Grid>
					<!-- Trait -->
					<Grid ID="TraitsFrame" Offset="0,24" Size="204,136" Style="GridBlackIndent8">
						<Grid ID="TraitsInnerFrame" Anchor="C,C" Size="208,140" Style="Grid9Frame">
							<Label Offset="4,-16" Anchorside="I.O" WrapWidth="600" LeadingOffset="0" Font="TwCenMT20" FontStyle="Shadow" Color0="Beige" Color1="0.0.0.160" String="TXT_KEY_PEDIA_TRAITS_LABEL"/>
						</Grid>
					</Grid>
					<!-- Unique Units -->
					<Grid ID="UniqueUnitsFrame" Offset="0,24" Size="204,136" Style="GridBlackIndent8">
						<Grid ID="UniqueUnitsInnerFrame" Anchor="C,C" Size="208,140" Style="Grid9Frame">
							<Label Offset="4,-16" Anchorside="I.O" WrapWidth="600" LeadingOffset="0" Font="TwCenMT20" FontStyle="Shadow" Color0="Beige" Color1="0.0.0.160" String="TXT_KEY_PEDIA_UNIQUEUNIT_LABEL"/>
						</Grid>
					</Grid>
					<!-- Unique Buildings -->
					<Grid ID="UniqueBuildingsFrame" Offset="0,24" Size="204,136" Style="GridBlackIndent8">
						<Grid ID="UniqueBuildingsInnerFrame" Anchor="C,C" Size="208,140" Style="Grid9Frame">
							<Label Offset="4,-16" Anchorside="I.O" WrapWidth="600" LeadingOffset="0" Font="TwCenMT20" FontStyle="Shadow" Color0="Beige" Color1="0.0.0.160" String="TXT_KEY_PEDIA_UNIQUEBLDG_LABEL"/>
						</Grid>
					</Grid>
					<!-- Unique Improvements -->
					<Grid ID="UniqueImprovementsFrame" Offset="0,24" Size="204,136" Style="GridBlackIndent8">
						<Grid ID="UniqueImprovementsInnerFrame" Anchor="C,C" Size="208,140" Style="Grid9Frame">
							<Label Offset="4,-16" Anchorside="I.O" WrapWidth="600" LeadingOffset="0" Font="TwCenMT20" FontStyle="Shadow" Color0="Beige" Color1="0.0.0.160" String="TXT_KEY_PEDIA_UNIQUEIMPRV_LABEL"/>
						</Grid>
					</Grid>
					<!-- Required Policies -->
					<Grid ID="RequiredPoliciesFrame" Offset="0,24" Size="204,136" Style="GridBlackIndent8">
						<Grid ID="RequiredPoliciesInnerFrame" Anchor="C,C" Size="208,140" Style="Grid9Frame">
							<Label Offset="4,-16" Anchorside="I.O" WrapWidth="600" LeadingOffset="0" Font="TwCenMT20" FontStyle="Shadow" Color0="Beige" Color1="0.0.0.160" String="TXT_KEY_PEDIA_PREREQ_POLICY_LABEL"/>
						</Grid>
					</Grid>
					<!-- Promotions -->
					<Grid ID="FreePromotionsFrame" Offset="0,24" Size="204,136" Style="GridBlackIndent8">
						<Grid ID="FreePromotionsInnerFrame" Anchor="C,C" Size="208,140" Style="Grid9Frame">
							<Label Offset="4,-16" Anchorside="I.O" WrapWidth="600" LeadingOffset="0" Font="TwCenMT20" FontStyle="Shadow" Color0="Beige" Color1="0.0.0.160" String="TXT_KEY_PEDIA_FREEPROMOTIONS_LABEL"/>
						</Grid>
					</Grid>
					<!-- Required Promotions -->
					<Grid ID="RequiredPromotionsFrame" Offset="0,24" Size="204,136" Style="GridBlackIndent8">
						<Grid ID="RequiredPromotionsInnerFrame" Anchor="C,C" Size="208,140" Style="Grid9Frame">
							<Label Offset="4,-16" Anchorside="I.O" WrapWidth="600" LeadingOffset="0" Font="TwCenMT20" FontStyle="Shadow" Color0="Beige" Color1="0.0.0.160" String="TXT_KEY_PEDIA_REQ_PROMOTIONS_LABEL"/>
						</Grid>
					</Grid>
					<!-- Resources Required -->
					<Grid ID="RequiredResourcesFrame" Offset="0,24" Size="204,136" Style="GridBlackIndent8">
						<Grid ID="RequiredResourcesInnerFrame" Anchor="C,C" Size="208,140" Style="Grid9Frame">
							<Label ID="RequiredResourcesLabel" Offset="4,-16" Anchorside="I.O" WrapWidth="600" LeadingOffset="0" Font="TwCenMT20" FontStyle="Shadow" Color0="Beige" Color1="0.0.0.160" String="TXT_KEY_PEDIA_REQ_RESRC_LABEL"/>
						</Grid>
					</Grid>
					<!-- Local Resources Required -->
					<Grid ID="LocalResourcesFrame" Offset="0,24" Size="204,136" Style="GridBlackIndent8">
						<Grid ID="LocalResourcesInnerFrame" Anchor="C,C" Size="208,140" Style="Grid9Frame">
							<Label Offset="4,-16" Anchorside="I.O" WrapWidth="600" LeadingOffset="0" Font="TwCenMT20" FontStyle="Shadow" Color0="Beige" Color1="0.0.0.160" String="TXT_KEY_PEDIA_LOCAL_RESRC_LABEL"/>
						</Grid>
					</Grid>
					<!-- Prerequisite Techs -->
					<Grid ID="PrereqTechFrame" Offset="0,24" Size="204,136" Style="GridBlackIndent8">
						<Grid ID="PrereqTechInnerFrame" Anchor="C,C" Size="208,140" Style="Grid9Frame">
							<Label Offset="4,-16" Anchorside="I.O" WrapWidth="600" LeadingOffset="0" Font="TwCenMT20" FontStyle="Shadow" Color0="Beige" Color1="0.0.0.160" String="TXT_KEY_PEDIA_PREREQ_TECH_LABEL"/>
						</Grid>
					</Grid>
					<!-- Leads to Techs -->
					<Grid ID="LeadsToTechFrame" Offset="0,24" Size="204,136" Style="GridBlackIndent8">
						<Grid ID="LeadsToTechInnerFrame" Anchor="C,C" Size="208,140" Style="Grid9Frame">
							<Label Offset="4,-16" Anchorside="I.O" WrapWidth="600" LeadingOffset="0" Font="TwCenMT20" FontStyle="Shadow" Color0="Beige" Color1="0.0.0.160" String="TXT_KEY_PEDIA_LEADS_TO_TECH_LABEL"/>
						</Grid>
					</Grid>
					<!-- Obsolete Techs -->
					<Grid ID="ObsoleteTechFrame" Offset="0,24" Size="204,136" Style="GridBlackIndent8">
						<Grid ID="ObsoleteTechInnerFrame" Anchor="C,C" Size="208,140" Style="Grid9Frame">
							<Label Offset="4,-16" Anchorside="I.O" WrapWidth="600" LeadingOffset="0" Font="TwCenMT20" FontStyle="Shadow" Color0="Beige" Color1="0.0.0.160" String="TXT_KEY_PEDIA_OBSOLETE_TECH_LABEL"/>
						</Grid>
					</Grid>
					<!-- Upgrade -->
					<Grid ID="UpgradeFrame" Offset="0,24" Size="204,136" Style="GridBlackIndent8">
						<Grid ID="UpgradeInnerFrame" Anchor="C,C" Size="208,140" Style="Grid9Frame">
							<Label Offset="4,-16" Anchorside="I.O" WrapWidth="600" LeadingOffset="0" Font="TwCenMT20" FontStyle="Shadow" Color0="Beige" Color1="0.0.0.160" String="TXT_KEY_COMMAND_UPGRADE"/>
						</Grid>
					</Grid>
					<!-- Units Unlocked -->
					<Grid ID="UnlockedUnitsFrame" Offset="0,24" Size="204,136" Style="GridBlackIndent8">
						<Grid ID="UnlockedUnitsInnerFrame" Anchor="C,C" Size="208,140" Style="Grid9Frame">
							<Label Offset="4,-16" Anchorside="I.O" WrapWidth="600" LeadingOffset="0" Font="TwCenMT20" FontStyle="Shadow" Color0="Beige" Color1="0.0.0.160" String="TXT_KEY_PEDIA_UNIT_UNLOCK_LABEL"/>
						</Grid>
					</Grid>
					<!-- Buildings Unlocked -->
					<Grid ID="UnlockedBuildingsFrame" Offset="0,24" Size="204,136" Style="GridBlackIndent8">
						<Grid ID="UnlockedBuildingsInnerFrame" Anchor="C,C" Size="208,140" Style="Grid9Frame">
							<Label Offset="4,-16" Anchorside="I.O" WrapWidth="600" LeadingOffset="0" Font="TwCenMT20" FontStyle="Shadow" Color0="Beige" Color1="0.0.0.160" String="TXT_KEY_PEDIA_BLDG_UNLOCK_LABEL"/>
						</Grid>
					</Grid>
					<!-- Buildings Required -->
					<Grid ID="RequiredBuildingsFrame" Offset="0,24" Size="204,136" Style="GridBlackIndent8">
						<Grid ID="RequiredBuildingsInnerFrame" Anchor="C,C" Size="208,140" Style="Grid9Frame">
							<Label Offset="4,-16" Anchorside="I.O" WrapWidth="600" LeadingOffset="0" Font="TwCenMT20" FontStyle="Shadow" Color0="Beige" Color1="0.0.0.160" String="TXT_KEY_PEDIA_REQ_BLDG_LABEL"/>
						</Grid>
					</Grid>
					<!-- Projects Unlocked -->
					<Grid ID="UnlockedProjectsFrame" Offset="0,24" Size="204,136" Style="GridBlackIndent8">
						<Grid ID="UnlockedProjectsInnerFrame" Anchor="C,C" Size="208,140" Style="Grid9Frame">
							<Label Offset="4,-16" Anchorside="I.O" WrapWidth="600" LeadingOffset="0" Font="TwCenMT20" FontStyle="Shadow" Color0="Beige" Color1="0.0.0.160" String="TXT_KEY_PEDIA_PROJ_UNLOCK_LABEL"/>
						</Grid>
					</Grid>
					<!-- Resources Revealed -->
					<Grid ID="RevealedResourcesFrame" Offset="0,24" Size="204,136" Style="GridBlackIndent8">
						<Grid ID="RevealedResourcesInnerFrame" Anchor="C,C" Size="208,140" Style="Grid9Frame">
							<Label Offset="4,-16" Anchorside="I.O" WrapWidth="600" LeadingOffset="0" Font="TwCenMT20" FontStyle="Shadow" Color0="Beige" Color1="0.0.0.160" String="TXT_KEY_PEDIA_RESRC_RVL_LABEL"/>
						</Grid>
					</Grid>
					<!-- Specialists -->
					<Grid ID="SpecialistsFrame" Offset="0,24" Size="204,136" Style="GridBlackIndent8">
						<Grid ID="SpecialistsInnerFrame" Anchor="C,C" Size="208,140" Style="Grid9Frame">
							<Label Offset="4,-16" Anchorside="I.O" WrapWidth="600" LeadingOffset="0" Font="TwCenMT20" FontStyle="Shadow" Color0="Beige" Color1="0.0.0.160" String="TXT_KEY_PEDIA_SPEC_LABEL"/>
						</Grid>
					</Grid>
					<!-- Great Works -->
					<Grid ID="GreatWorksFrame" Offset="0,24" Size="204,136" Style="GridBlackIndent8">
						<Grid ID="GreatWorksInnerFrame" Anchor="C,C" Size="208,140" Style="Grid9Frame">
							<Label Offset="4,-16" Anchorside="I.O" WrapWidth="600" LeadingOffset="0" Font="TwCenMT20" FontStyle="Shadow" Color0="Beige" Color1="0.0.0.160" String="TXT_KEY_PEDIA_GREAT_WORKS_LABEL"/>
						</Grid>
					</Grid>
					<!-- Worker Actions -->
					<Grid ID="WorkerActionsFrame" Offset="0,24" Size="204,136" Style="GridBlackIndent8">
						<Grid ID="WorkerActionsInnerFrame" Anchor="C,C" Size="208,140" Style="Grid9Frame">
							<Label Offset="4,-16" Anchorside="I.O" WrapWidth="600" LeadingOffset="0" Font="TwCenMT20" FontStyle="Shadow" Color0="Beige" Color1="0.0.0.160" String="TXT_KEY_PEDIA_WORKER_ACTION_LABEL"/>
						</Grid>
					</Grid>
					<!-- Replaces -->
					<Grid ID="ReplacesFrame" Offset="0,24" Size="204,136" Style="GridBlackIndent8">
						<Grid ID="ReplacesInnerFrame" Anchor="C,C" Size="208,140" Style="Grid9Frame">
							<Label Offset="4,-16" Anchorside="I.O" WrapWidth="600" LeadingOffset="0" Font="TwCenMT20" FontStyle="Shadow" Color0="Beige" Color1="0.0.0.160" String="TXT_KEY_PEDIA_REPLACES_LABEL"/>
						</Grid>
					</Grid>
					<!-- Reveal Techs -->
					<Grid ID="RevealTechsFrame" Offset="0,24" Size="204,136" Style="GridBlackIndent8">
						<Grid ID="RevealTechsInnerFrame" Anchor="C,C" Size="208,140" Style="Grid9Frame">
							<Label Offset="4,-16" Anchorside="I.O" WrapWidth="600" LeadingOffset="0" Font="TwCenMT20" FontStyle="Shadow" Color0="Beige" Color1="0.0.0.160" String="TXT_KEY_PEDIA_REVEAL_TECH_LABEL"/>
						</Grid>
					</Grid>
					<!-- Features -->
					<Grid ID="FeaturesFrame" Offset="0,24" Size="204,136" Style="GridBlackIndent8">
						<Grid ID="FeaturesInnerFrame" Anchor="C,C" Size="208,140" Style="Grid9Frame">
							<Label Offset="4,-16" Anchorside="I.O" WrapWidth="600" LeadingOffset="0" Font="TwCenMT20" FontStyle="Shadow" Color0="Beige" Color1="0.0.0.160" String="TXT_KEY_PEDIA_FEATURES_LABEL"/>
						</Grid>
					</Grid>
					<!-- Terrains -->
					<Grid ID="TerrainsFrame" Offset="0,24" Size="204,136" Style="GridBlackIndent8">
						<Grid ID="TerrainsInnerFrame" Anchor="C,C" Size="208,140" Style="Grid9Frame">
							<Label Offset="4,-16" Anchorside="I.O" WrapWidth="600" LeadingOffset="0" Font="TwCenMT20" FontStyle="Shadow" Color0="Beige" Color1="0.0.0.160" String="TXT_KEY_PEDIA_FEATURES_LABEL"/>
						</Grid>
					</Grid>
					<!-- Resources Found on this (terrain/feature) -->
					<Grid ID="ResourcesFoundFrame" Offset="0,24" Size="204,136" Style="GridBlackIndent8">
						<Grid ID="ResourcesFoundInnerFrame" Anchor="C,C" Size="208,140" Style="Grid9Frame">
							<Label ID="ResourcesFoundLabel" Offset="4,-16" Anchorside="I.O" WrapWidth="600" LeadingOffset="0" Font="TwCenMT20" FontStyle="Shadow" Color0="Beige" Color1="0.0.0.160" String="TXT_KEY_PEDIA_TERRAINS_LABEL"/>
						</Grid>
					</Grid>
					<!-- Improvements -->
					<Grid ID="ImprovementsFrame" Offset="0,24" Size="204,136" Style="GridBlackIndent8">
						<Grid ID="ImprovementsInnerFrame" Anchor="C,C" Size="208,140" Style="Grid9Frame">
							<Label Offset="4,-16" Anchorside="I.O" WrapWidth="600" LeadingOffset="0" Font="TwCenMT20" FontStyle="Shadow" Color0="Beige" Color1="0.0.0.160" String="TXT_KEY_PEDIA_IMPROVEMENTS_LABEL"/>
						</Grid>
					</Grid>
					<!-- Related Articles -->
					<Grid ID="RelatedArticlesFrame" Offset="0,24" Size="204,150" Style="GridBlackIndent8">
						<Label Offset="4,-18" Anchorside="I.O" WrapWidth="600" LeadingOffset="0" Font="TwCenMT20" FontStyle="Shadow" Color0="Beige" Color1="0.0.0.160" String="TXT_KEY_PEDIA_RELATED_ARTICLES_LABEL"/>
						<Grid ID="RelatedArticlesInnerFrame" Anchor="C,C" Size="208,154" Style="Grid9Frame">
						</Grid>
						<Stack Anchor="C,T" Offset="0,14" Size="64,64" StackGrowth="Bottom" Padding="12">
							<GridButton Anchor="C,T" Size="180,32" Color="255,255,255,200" StateOffsetIncrement="0,0">
								<GridData Style="Grid9DarkBlue8Button"/>
								<Grid Anchor="C,C" Size="184,36" Style="Grid9Frame"/>
								<ShowOnMouseOver>
									<AlphaAnim Anchor="C,C" Size="48,48" Pause="0" Cycle="Bounce" Speed="1" AlphaStart=".99" AlphaEnd=".25">
										<Grid Size="180,32" Anchor="C,C" Style="Grid9Science8"/>
									</AlphaAnim>
									<AlphaAnim Anchor="R,C" AnchorSide="O.O" Size="16,32" TextureOffset="16.0" Texture="buttonsidesglow.dds" Pause="0" Cycle="Bounce" Speed="1" AlphaStart=".99" AlphaEnd=".25"/>
									<AlphaAnim Anchor="L,C" AnchorSide="O.O" Size="16,32" Texture="buttonsidesglow.dds" Pause="0" Cycle="Bounce" Speed="1" AlphaStart=".99" AlphaEnd=".25"/>
									<Image Anchor="R,C" Offset="-24,1" AnchorSide="O.O" Texture="buttonsides.dds" Size="32,32"/>
									<Image Anchor="L,C" Offset="-24,1" AnchorSide="O.O" Texture="buttonsides_left.dds" Size="32,32"/>
								</ShowOnMouseOver>
								<Label Anchor="C,C" Offset="0,-2" Font="TwCenMT16" FontStyle="Shadow" Color0="Beige" Color1="0.0.0.160" String="TXT_KEY_PEDIA_RESEARCH_LABEL"/>
							</GridButton>
							<GridButton Anchor="C,T" Size="180,32" Color="255,255,255,200" StateOffsetIncrement="0,0">
								<GridData Style="Grid9DarkBlue8Button"/>
								<Grid Anchor="C,C" Size="184,36" Style="Grid9Frame"/>
								<ShowOnMouseOver>
									<AlphaAnim Anchor="C,C" Size="48,48" Pause="0" Cycle="Bounce" Speed="1" AlphaStart=".99" AlphaEnd=".25">
										<Grid Size="180,32" Anchor="C,C" Style="Grid9Science8"/>
									</AlphaAnim>
									<AlphaAnim Anchor="R,C" AnchorSide="O.O" Size="16,32" TextureOffset="16.0" Texture="buttonsidesglow.dds" Pause="0" Cycle="Bounce" Speed="1" AlphaStart=".99" AlphaEnd=".25"/>
									<AlphaAnim Anchor="L,C" AnchorSide="O.O" Size="16,32" Texture="buttonsidesglow.dds" Pause="0" Cycle="Bounce" Speed="1" AlphaStart=".99" AlphaEnd=".25"/>
									<Image Anchor="R,C" Offset="-24,1" AnchorSide="O.O" Texture="buttonsides.dds" Size="32,32"/>
									<Image Anchor="L,C" Offset="-24,1" AnchorSide="O.O" Texture="buttonsides_left.dds" Size="32,32"/>
								</ShowOnMouseOver>
								<Label Anchor="C,C" Offset="0,-2" Font="TwCenMT16" FontStyle="Shadow" Color0="Beige" Color1="0.0.0.160" String="Ancient Era"/>
							</GridButton>
							<GridButton Anchor="C,T" Size="180,32" Color="255,255,255,200" StateOffsetIncrement="0,0">
								<GridData Style="Grid9DarkBlue8Button"/>
								<Grid Anchor="C,C" Size="184,36" Style="Grid9Frame"/>
								<ShowOnMouseOver>
									<AlphaAnim Anchor="C,C" Size="48,48" Pause="0" Cycle="Bounce" Speed="1" AlphaStart=".99" AlphaEnd=".25">
										<Grid Size="180,32" Anchor="C,C" Style="Grid9Science8"/>
									</AlphaAnim>
									<AlphaAnim Anchor="R,C" AnchorSide="O.O" Size="16,32" TextureOffset="16.0" Texture="buttonsidesglow.dds" Pause="0" Cycle="Bounce" Speed="1" AlphaStart=".99" AlphaEnd=".25"/>
									<AlphaAnim Anchor="L,C" AnchorSide="O.O" Size="16,32" Texture="buttonsidesglow.dds" Pause="0" Cycle="Bounce" Speed="1" AlphaStart=".99" AlphaEnd=".25"/>
									<Image Anchor="R,C" Offset="-24,1" AnchorSide="O.O" Texture="buttonsides.dds" Size="32,32"/>
									<Image Anchor="L,C" Offset="-24,1" AnchorSide="O.O" Texture="buttonsides_left.dds" Size="32,32"/>
								</ShowOnMouseOver>
								<Label Anchor="C,C" Offset="0,-2" Font="TwCenMT16" FontStyle="Shadow" Color0="Beige" Color1="0.0.0.160" String="Blah Blah Blah"/>
							</GridButton>
						</Stack>
					</Grid>
					<Box Anchor="R,T" Size="636,100" Color="255,255,255,0"/>
					<!--list of articles in this category-->
					<!--<Stack ID="ListOfArticles" Anchor="L,T"  Offset="7,0" Size="64,64" StackGrowth="Bottom"/>-->
				</Stack>
			</ScrollPanel>
			<ScrollPanel ID="LeftScrollPanel" Size="275,980" Vertical="1">
				<ScrollBar Style="VertSlider" AnchorSide="O,I" Anchor="R,C"/>
				<UpButton Style="ScrollBarUp" AnchorSide="O,I" Anchor="R,T"/>
				<DownButton Style="ScrollBarDown" AnchorSide="O,I" Anchor="R,B"/>
				<!--list of articles in this category-->
				<Stack ID="ListOfArticles" Offset="7,0" Size="64,64" StackGrowth="Bottom"/>
			</ScrollPanel>
		</Container>
		<!-- Search -->
		<GridButton ID="SearchButton" Anchor="R,T" Offset="36,50" Size="38,38" Style="BaseButton" String="">
			<Image Anchor="C,C" Size="30,30" Texture="Civilopedia_SearchIcon.dds" ToolTip="TXT_KEY_SEARCH_BUTTON"/>
			<Grid Anchor="L,C" AnchorSide="O.I" Offset="8,0" Size="150,32" Style="GridBlackIndent8">
				<Grid Anchor="C,C" Size="154,36" Style="Grid9Frame">
					<!--<Box Anchor="L,C" Offset="8,0" Size="140,24" Color="255,0,0,255" />-->
					<EditBox ID="SearchEditBox" CallOnChar="1" EditMode="1" Anchor="L,C" Offset="10,0" Size="140,24" Font="TwCenMT20" FontStyle="Shadow" Color0="Beige" Color1="0.0.0.160" MaxLength="50"/>
				</Grid>
			</Grid>
		</GridButton>
		<Grid ID="SearchGrid" Anchor="R,T" Offset="36,90" AutoSize="1" Style="Grid9Frame27SquareBlack" Padding="5,5" >
			<ScrollPanel ID="SearchScrollPanel" Anchor="C,C" Size="268,10" Vertical="1">
				<ScrollBar Style="VertSlider" AnchorSide="O,I" Anchor="R,C"/>
				<UpButton Style="ScrollBarUp" AnchorSide="O,I" Anchor="R,T"/>
				<DownButton Style="ScrollBarDown" AnchorSide="O,I" Anchor="R,B"/>
				<Stack ID="SearchResultsStack" Offset="7,0" StackGrowth="Bottom"/>
			</ScrollPanel>
		</Grid>
	</Container>
	<ToolTipType Name="TypeRoundImage">
		<Image ID="ToolTipFrame" Size="222,246" TextureOffset="34,10" Texture="256x256Frame.dds">
			<Grid ID="ToolTipGrid" Offset="0,-5" Size="60,12" Padding="8,8" Style="GridBlack8" Color="White,240">
				<Label ID="ToolTipText" Anchor="C,C" String="words" WrapWidth="400" Font="TwCenMT16"/>
			</Grid>
			<Image ID="ToolTipImage" Anchor="R,B" Size="256,256"/>
		</Image>
	</ToolTipType>
	<Box ID="SearchFoundNothing" Color="Black.200" Size="Full.Full" ConsumeMouseOver="1" Hidden="1">
		<Grid Size="500,360" Anchor="C,C" Padding="0,20" Style="Grid9DetailFive140">
			<!-- Side treatments -->
			<Box Style="MenuLeftSideTreatment"/>
			<Box Style="MenuRightSideTreatment"/>
			<Image Anchor="C,T" AnchorSide="I.O" Offset="0,-14" Size="256,64" Texture="Top512IconTrim.dds">
				<Image Anchor="C,C" Size="80,80" Texture="NotificationFrameBase.dds">
					<AlphaAnim Anchor="C,C" Size="80.80" Texture="assets\UI\Art\Notification\NotificationGenericGlow.dds" Pause="0" Cycle="Bounce" Speed="1" AlphaStart="1" AlphaEnd=".5"/>
				</Image>
			</Image>
			<Label ID="SearchNotFoundText" Anchor="C,T" Offset="0,74" WrapWidth="440" String="TXT_KEY_CONFIRM_TXT" Font="TwCenMT22" ColorSet="Beige_Black_Alpha" FontStyle="Shadow"/>
			<Stack ID="ButtonStack" Anchor="C,B" Offset="0,80" Padding="24" StackGrowth="Bottom">
				<!-- Yes Button -->
				<GridButton ID="OK" Style="BaseButton" Size="400,42" Anchor="C,T">
					<Label Anchor="C,C" String="TXT_KEY_OK_BUTTON" ColorSet="Beige_Black" Font="TwCenMT24" FontStyle="Shadow"/>
				</GridButton>
			</Stack>
		</Grid>
	</Box>
</Context>
