<?xml version="1.0" encoding="utf-8"?>
<Context ColorSet="Beige_Black" Font="TwCenMT22" FontStyle="Shadow" >
	<Container ID="Scrap" Hidden="1"/>

	<!-- Instances -->
	<Instance Name="Button">
		<GridButton ID="Button" Style="BaseButton" Size="400,42" Anchor="C,C" ColorSet="Beige_Black" Font="TwCenMT22" FontStyle="Shadow" String=""/>
	</Instance>

    <Box Size="Full,Full" Color="0,0,0,200" ConsumeMouse="1" />

	<Grid ID="Grid" Size="500,360" Anchor="C,C" Padding="30,30" Style="Grid9DetailFive140">
		<!-- Side trims -->
		<Box Style="MenuLeftSideTreatment"/>
		<Box Style="MenuRightSideTreatment"/>
		<!-- Top & bottom trims -->
		<Image ID="TopImage" Anchor="C,T" AnchorSide="I.O">
			<Image ID="Icon" Anchor="C,C" Offset="0,-6" Size="80,80" Texture="NotificationFrameBase.dds">
				<AlphaAnim ID="GenericAnim" Anchor="C,C" Size="80,80" Texture="NotificationGenericGlow.dds" Pause="0" Cycle="Bounce" Speed="1" AlphaStart="1" AlphaEnd=".5"/>
			</Image>
			<Container ID="GoldenAgeAnim" Anchor="C,C" >
				<AlphaAnim Anchor="C,C" Size="300.200" Pause="0" Cycle="Bounce" Speed=".5" AlphaStart="1" AlphaEnd=".6" Texture="GoldenAgePopupTop300HL.dds" />
				<ScrollAnim Anchor="C,C" Size="300.200" Speed=".05" Texture="TechGoldShine.dds" MaskTexture="GoldenAgePopupTop300Mask.dds" />
			</Container>
		</Image>
		<Image ID="BottomImage" Anchor="C,B" AnchorSide="I.O"/>
		<!-- Contents -->
		<Stack ID="Stack" Anchor="C,T" Offset="0,70" Padding="24" StackGrowth="Bottom">
			<Label ID="Title" Anchor="C,T" ColorSet="Beige_Black" Font="TwCenMT22" FontStyle="Shadow" WrapWidth="440" LeadingOffset="-8"/>
			<Image ID="Image" Anchor="C,T" Size="256,256"/>
			<Box ID="Editing" Anchor="C,T" Size="288,24" Color="255,255,200,255">
				<Box Anchor="C,C"  Size="286,22" Color="0,0,0,255">
					<EditBox ID="EditBox" Anchor="C,C" CallOnChar="1" EditMode="1" Size="284,22" Font="TwCenMT20" MaxLength="15" />
				</Box>
			</Box>
			<Label ID="PopupText" Anchor="C,T" ColorSet="Beige_Black" Font="TwCenMT22" FontStyle="Shadow" WrapWidth="440" LeadingOffset="-8"/>
		</Stack>
		<TextButton ID="CloseButton" Offset="29,27" Anchor="L.B" Style="Font14or20" ColorSet="Beige_Black_Alpha" String="TXT_KEY_CLOSE" FontStyle="Shadow" MouseOverStyle="SoftShadow" />
	</Grid>

	<!-- Kludge -->
	<LuaContext ID="EmptyPopup" FileName="EmptyPopup" Hidden="True" />

</Context>