<?xml version="1.0" encoding="utf-8"?>
<Context ColorSet="Beige_Black" Font="TwCenMT22" FontStyle="Shadow" >

	<AlphaAnim ID="Timer" Cycle="Once" Stopped="1" />

	<Box ID="BGBlock" Style="BGBlock" />

	<!-- Listing Button Instance -->

	<Grid Size="960,658" Anchor="C,C" Offset="0,36" Style="Grid9DetailFive140" ConsumeMouse="1">

		<!-- Side treatments -->
		<Box Style="MenuLeftSideTreatment"/>
		<Box Style="MenuRightSideTreatment"/>

		<Box Style="MenuTopTreatment"/>
		<Box Style="MenuBottomTreatment"/>

		<!-- Panel Header Text -->
		<Label ID="TitleLabel" Style="MenuTitleCaption" />

		<Label Anchor="C,T" Offset="0,18" Font="TwCenMT22" FontStyle="SoftShadow" ColorSet="Beige_Black_Alpha" />

		<!-- Top Panel GridSquareHL8-->
		<Box Anchor="C,T" Size="926,29" Offset="0,44" Color="0.0.0.128" >

			<Stack Anchor="L,T" Size="926,32" Offset="20,3" Padding="0" StackGrowth="Right">


			<Button ID="GameButton" Void1="1" Anchor="L,T" Size="160,24" Font="TwCenMT18" String="TXT_KEY_GAME_OPTIONS" >
				<ShowOnMouseOver>
				<AlphaAnim Anchor="L,T" Size="160,27" Pause="0" Cycle="Bounce" Speed="1" AlphaStart="2" AlphaEnd="1">
					<Grid Size="160,27" Offset="0,-1" Style="Grid9FrameTurnsHL" />
				</AlphaAnim>
				</ShowOnMouseOver>
				<Grid ID="GameHighlight" Anchor="C,C" Size="160,26" Style="Grid9FrameTurns" Hidden="1" />
			</Button>

			<Button ID="IFaceButton" Void1="2" Anchor="L,T" Size="185,24" Font="TwCenMT18" String="TXT_KEY_INTERFACE_OPTIONS" >
				<ShowOnMouseOver>
				<AlphaAnim Anchor="L,T" Size="185,27" Pause="0" Cycle="Bounce" Speed="1" AlphaStart="2" AlphaEnd="1">
					<Grid Size="185,27" Offset="0,-1" Style="Grid9FrameTurnsHL" />
				</AlphaAnim>
				</ShowOnMouseOver>
				<Grid ID="IFaceHighlight" Anchor="C,C" Size="185,26" Style="Grid9FrameTurns" Hidden="1" />
			</Button>

			<Button ID="VideoButton" Void1="3" Anchor="L,T" Size="160,24" Font="TwCenMT18" String="TXT_KEY_VIDEO_OPTIONS" >
				<ShowOnMouseOver>
				<AlphaAnim Anchor="L,T" Size="160,27" Pause="0" Cycle="Bounce" Speed="1" AlphaStart="2" AlphaEnd="1">
					<Grid Size="160,27" Offset="0,-1" Style="Grid9FrameTurnsHL" />
				</AlphaAnim>
				</ShowOnMouseOver>
				<Grid ID="VideoHighlight" Anchor="C,C" Size="160,26" Style="Grid9FrameTurns" Hidden="1" />
			</Button>

			<Button ID="AudioButton" Void1="4" Anchor="L,T" Size="160,24" Font="TwCenMT18" String="TXT_KEY_AUDIO_OPTIONS" >
				<ShowOnMouseOver>
				<AlphaAnim Anchor="L,T" Size="160,27" Pause="0" Cycle="Bounce" Speed="1" AlphaStart="2" AlphaEnd="1">
					<Grid Size="160,27" Offset="0,-1" Style="Grid9FrameTurnsHL" />
				</AlphaAnim>
				</ShowOnMouseOver>
				<Grid ID="AudioHighlight" Anchor="C,C" Size="160,26" Style="Grid9FrameTurns" Hidden="1" />
			</Button>

			<Button ID="MultiplayerButton" Void1="5" Anchor="L,T" Size="200,24" Font="TwCenMT18" String="TXT_KEY_MULTIPLAYER_OPTIONS" >
				<ShowOnMouseOver>
				<AlphaAnim Anchor="L,T" Size="200,27" Pause="0" Cycle="Bounce" Speed="1" AlphaStart="2" AlphaEnd="1">
					<Grid Size="200,27" Offset="0,-1" Style="Grid9FrameTurnsHL" />
				</AlphaAnim>
				</ShowOnMouseOver>
				<Grid ID="MultiplayerHighlight" Anchor="C,C" Size="200,26" Style="Grid9FrameTurns" Hidden="1" />
			</Button>

			</Stack>

			<Image Anchor="C,B" Offset="1,-6" Texture="HorizontalTrim.dds" Size="926.5" />

		</Box>


		<!-- <Image Anchor="C,B" Offset="0,150" Texture="HorizontalTrim.dds" Size="971.5" / -->

		<!-- Game Options -->
		<Container ID="GamePanel" Size="971,500" Offset="0,44" Hidden="1" >

			<Stack Anchor="R,T" Offset="400,50" Padding="12" >
				<CheckBox ID="SinglePlayerAutoEndTurnCheckBox" Anchor="R,C" String="TXT_KEY_OPSCREEN_SPLAYER_AUTO_END_TURN" LeadingOffset="-10" WrapWidth="500" ToolTip="TXT_KEY_OPSCREEN_SPLAYER_AUTO_END_TURN_TT" />
				<CheckBox ID="MultiplayerAutoEndTurnCheckbox" Anchor="R,C" String="TXT_KEY_OPSCREEN_MULTIPLAYER_AUTO_END_TURN" LeadingOffset="-10" WrapWidth="500" ToolTip="TXT_KEY_OPSCREEN_MULTIPLAYER_AUTO_END_TURN_TT" />
				<CheckBox ID="SPQuickCombatCheckBox" Anchor="R,C" String="TXT_KEY_OPSCREEN_SPLAYER_QUICK_COMBAT" LeadingOffset="-10" WrapWidth="500" ToolTip="TXT_KEY_OPSCREEN_SPLAYER_QUICK_COMBAT_TT" />
				<CheckBox ID="SPQuickMovementCheckBox" Anchor="R,C" String="TXT_KEY_OPSCREEN_SPLAYER_QUICK_MOVEMENT" LeadingOffset="-10" WrapWidth="500" ToolTip="TXT_KEY_OPSCREEN_SPLAYER_QUICK_MOVEMENT_TT" />
				<CheckBox ID="MPQuickCombatCheckbox" Anchor="R,C" String="TXT_KEY_OPSCREEN_MULTIPLAYER_QUICK_COMBAT" LeadingOffset="-10" WrapWidth="500" ToolTip="TXT_KEY_OPSCREEN_MULTIPLAYER_QUICK_COMBAT_TT" />
				<CheckBox ID="MPQuickMovementCheckbox" Anchor="R,C" String="TXT_KEY_OPSCREEN_MULTIPLAYER_QUICK_MOVEMENT" LeadingOffset="-10" WrapWidth="500" ToolTip="TXT_KEY_OPSCREEN_MULTIPLAYER_QUICK_MOVEMENT_TT" />
				<CheckBox ID="QuickSelectionAdvCheckbox" Anchor="R,C" String="TXT_KEY_OPSCREEN_QUICK_SELECTION_ADVANCE" LeadingOffset="-10" WrapWidth="500" ToolTip="TXT_KEY_OPSCREEN_QUICK_SELECTION_ADVANCE_TT" />
				<CheckBox ID="AutoUnitCycleCheck" Anchor="R,C" String="TXT_KEY_AUTO_UNIT_CYCLE" LeadingOffset="-10" WrapWidth="500" ToolTip="TXT_KEY_AUTO_UNIT_CYCLE_TT" />
				<CheckBox ID="AutoWorkersDontReplaceCB" Anchor="R,C" String="TXT_KEY_OPSCREEN_AUTO_WORKERS_DONT_REPLACE" LeadingOffset="-10" WrapWidth="500" ToolTip="TXT_KEY_OPSCREEN_AUTO_WORKERS_DONT_REPLACE_TT" />
				<CheckBox ID="AutoWorkersDontRemoveFeaturesCB" Anchor="R,C" String="TXT_KEY_OPSCREEN_AUTO_WORKERS_DONT_REMOVE_FEATURES" LeadingOffset="-10" WrapWidth="500" ToolTip="TXT_KEY_OPSCREEN_AUTO_WORKERS_DONT_REMOVE_FEATURES_TT" />
			</Stack>

			<Stack Anchor="R,T" Offset="50,50" Padding="12" >
				<Box Anchor="R,T" Size="54,30" Color="255,255,200,255" >
					<Box Anchor="C,C" Size="52,28" Color="0,0,0,255" >
						<EditBox ID="AutosaveTurnsEdit" FocusStop="0" EditMode="1" Size="50,24" Anchor="C,C" Font="TwCenMT24" NumberInput="1" MaxLength="3" />
					</Box>
					<Label Anchor="R,C" Offset="64,0" LeadingOffset="-10" WrapWidth="300" String="TXT_KEY_OPSCREEN_TURNS_FOR_AUTOSAVES" ToolTip="TXT_KEY_OPSCREEN_TURNS_FOR_AUTOSAVES_TT"/>
				</Box>
				<Box Anchor="R,T" Size="54,30" Color="255,255,200,255" >
					<Box Anchor="C,C" Size="52,28" Color="0,0,0,255" >
						<EditBox ID="AutosaveMaxEdit" FocusStop="1" EditMode="1" Size="50,24" Anchor="C,C" Font="TwCenMT24" NumberInput="1" MaxLength="3" />
					</Box>
					<Label Anchor="R,C" Offset="64,0" LeadingOffset="-10" WrapWidth="300" String="TXT_KEY_OPSCREEN_MAX_AUTOSAVES_KEPT" ToolTip="TXT_KEY_OPSCREEN_MAX_AUTOSAVES_KEPT_TT"/>
				</Box>
				<GridButton ID="ResetTutorialButton" Offset="0,15" Anchor="C,B" Size="300,32" Style="SmallButton" String="TXT_KEY_OPSCREEN_RESET_TUTORIAL" Font="TwCenMT18" ColorSet="Beige_Black_Alpha" FontStyle="Shadow" ToolTip="TXT_KEY_OPSCREEN_RESET_TUTORIAL_TT"/>
				<Label Anchor="C,C" String="TXT_KEY_OPSCREEN_TUTORIAL_LEVEL"/>
				<PullDown ID="TutorialPull" Anchor="R,C" Style="GenericPullDown" ScrollThreshold="200" SpaceForScroll="0" Size="300,32" ToolTip="TXT_KEY_OPSCREEN_TUTORIAL_LEVEL_TT"/>
				<Label Anchor="C,C" String="TXT_KEY_OPSCREEN_SELECT_SPOKEN_LANG" />
				<PullDown ID="SpokenLanguagePull" Anchor="R,C" Style="GenericPullDown" ScrollThreshold="200" SpaceForScroll="0" Size="300,32"/>
				<Label Anchor="C,C" String="TXT_KEY_OPSCREEN_SELECT_LANG" />
				<PullDown ID="LanguagePull" Anchor="R,C" Style="GenericPullDown" ScrollThreshold="200" SpaceForScroll="0" Size="300,32"/>
			</Stack>

		</Container>

		<!-- Interface Options -->
		<ScrollPanel ID="IFacePanel" Size="890,460" Offset="35,80" Hidden="1" Vertical="1">
			<Stack Anchor="R,T" Offset="30,10" Padding="12" >
				<Slider ID="Tooltip1TimerSlider" Length="300" Anchor="R,C" Style="Slider" WheelSteps="10">
					<Label ID="Tooltip1TimerLength" Anchor="R,C" Offset="310,0" ToolTip="TXT_KEY_OPSCREEN_TOOLTIP_1_TIMER_LENGTH_TT"/>
				</Slider>
				<Slider ID="Tooltip2TimerSlider" Length="300" Anchor="R,C" Style="Slider" WheelSteps="10">
					<Label ID="Tooltip2TimerLength" Anchor="R,C" Offset="310,0" ToolTip="TXT_KEY_OPSCREEN_TOOLTIP_2_TIMER_LENGTH_TT"/>
				</Slider>
				<Slider ID="DragSpeedSlider" Anchor="R,C" Length="300" Style="Slider" WheelSteps="10">
					<Label ID="DragSpeedValue" Anchor="R,C" Offset="310,0" ToolTip="TXT_KEY_DRAG_SPEED_TT" />
				</Slider>
				<Slider ID="PinchSpeedSlider" Anchor="R,C" Length="300" Style="Slider" WheelSteps="10">
					<Label ID="PinchSpeedValue" Anchor="R,C" Offset="310,0" ToolTip="TXT_KEY_PINCH_SPEED_TT" />
				</Slider>
				<CheckBox ID="ZoomCheck" Anchor="R,C" LeadingOffset="-10" WrapWidth="250" String="TXT_KEY_OPSCREEN_DYNAMIC_CAMERA_ZOOM" ToolTip="TXT_KEY_OPSCREEN_DYNAMIC_CAMERA_ZOOM_TT">
					<CheckBox ID="EnableMapInertiaCheck" Anchor="R,C" Offset="300,0" LeadingOffset="-10" WrapWidth="250" String="TXT_KEY_OPSCREEN_ENABLE_MAP_INERTIA" ToolTip="TXT_KEY_OPSCREEN_ENABLE_MAP_INERTIA_TT"/>
					<CheckBox ID="SkipIntroVideoCheck" Anchor="R,C" Offset="600,0" LeadingOffset="-10" WrapWidth="250" String="TXT_KEY_OPSCREEN_SKIP_INTRO_VIDEO" ToolTip="TXT_KEY_OPSCREEN_SKIP_INTRO_VIDEO_TT"/>
				</CheckBox>
				<!-- <Image Anchor="R,C" Texture="TopPanelBar.dds" Size="200.32" > -->
				<PullDown ID="ClockPull" Anchor="R,T" Style="GenericPullDown" ScrollThreshold="200" SpaceForScroll="0" Size="200,32">
					<Label String="TXT_KEY_EUI_TOP_PANEL_CLOCK" Anchor="R,C" Offset="210,0" LeadingOffset="-10" WrapWidth="250" ToolTip="TXT_KEY_EUI_TOP_PANEL_CLOCK_TT"/>
					<PullDown ID="BindMousePull" Anchor="R,T" Offset="422,0" Style="GenericPullDown" ScrollThreshold="200" SpaceForScroll="0" Size="200,32"/>
					<Label Anchor="R,C" Offset="632,0" String="TXT_KEY_BIND_MOUSE" LeadingOffset="-10" WrapWidth="250" ToolTip="TXT_KEY_BIND_MOUSE_TT" />
				</PullDown>
				<Stack Anchor="R,T" StackGrowth="Left" Padding="8">
					<Box Size="34,24" Color="255,255,200,255" >
						<Box Anchor="C,C" Size="32,22" Color="0,0,0,255" >
							<EditBox ID="AlarmMinutes" Size="30,18" Anchor="C,C" FocusStop="1" EditMode="1" NumberInput="1" MaxLength="2" CallOnChar="1" />
						</Box>
						<CheckBox ID="AlarmCheckBox" Anchor="R,C" Offset="292,0" String="TXT_KEY_EUI_ALARM_CLOCK" ToolTip="TXT_KEY_EUI_ALARM_CLOCK_TT"/>
					</Box>
					<Label Anchor="L,C" String=":" />
					<Box Size="34,24" Color="255,255,200,255" >
						<Box Anchor="C,C" Size="32,22" Color="0,0,0,255" >
							<EditBox ID="AlarmHours" Size="30,18" Anchor="C,C" FocusStop="0" EditMode="1" NumberInput="1" MaxLength="2" CallOnChar="1" />
						</Box>
					</Box>
					<Label ID="AlarmTimeDate" Anchor="R,C"/>
				</Stack>
				<CheckBox ID="NoBasicHelpCheckbox" Anchor="R,C" String="TXT_KEY_OPSCREEN_NO_BASIC_HELP" LeadingOffset="-10" WrapWidth="250" ToolTip="TXT_KEY_OPSCREEN_NO_BASIC_HELP_TT">
					<CheckBox ID="NoRewardPopupsCheckbox" Anchor="R,C" Offset="300,0" LeadingOffset="-10" WrapWidth="250" String="TXT_KEY_OPSCREEN_NO_REWARD_POPUPS" ToolTip="TXT_KEY_OPSCREEN_NO_REWARD_POPUPS_TT"/>
					<CheckBox ID="CSLCheckbox" Anchor="R,C" Offset="600,0" LeadingOffset="-10" WrapWidth="250" String="TXT_KEY_CSL_ENABLE" ToolTip="TXT_KEY_CSL_ENABLE_TT"/>
				</CheckBox>
				<CheckBox ID="NoTileRecommendationsCheckbox" Anchor="R,C" LeadingOffset="-10" WrapWidth="250" String="TXT_KEY_OPSCREEN_NO_TILE_RECOMMENDATIONS" ToolTip="TXT_KEY_OPSCREEN_NO_TILE_RECOMMENDATIONS_TT">
					<CheckBox ID="CivilianYieldsCheckbox" Anchor="R,C" Offset="300,0" LeadingOffset="-10" WrapWidth="500" String="TXT_KEY_OPSCREEN_CIVILIAN_YIELDS" ToolTip="TXT_KEY_OPSCREEN_CIVILIAN_YIELDS_TT"/>
				</CheckBox>
				<CheckBox ID="FlagPromotionsCheckbox" Anchor="R,C" String="TXT_KEY_EUI_FLAG_PROMO_ENABLE" LeadingOffset="-10" WrapWidth="250" ToolTip="TXT_KEY_EUI_FLAG_PROMO_ENABLE_TT">
					<CheckBox ID="PredictiveRangeCheckbox" Anchor="R,C" Offset="300,0" LeadingOffset="-10" WrapWidth="250" String="TXT_KEY_EUI_PREDICTIVE_RANGE" ToolTip="TXT_KEY_EUI_PREDICTIVE_RANGE_TT" />
					<CheckBox ID="WorkerFocusCheckbox" Anchor="R,C" Offset="600,0" LeadingOffset="-10" WrapWidth="250" String="TXT_KEY_EUI_WORKER_FOCUS" ToolTip="TXT_KEY_EUI_WORKER_FOCUS_TT"/>
				</CheckBox>
				<CheckBox ID="CityIconCheckbox" Anchor="R,C" LeadingOffset="-10" WrapWidth="250" String="TXT_KEY_EUI_CITY_ICON_ENABLE" ToolTip="TXT_KEY_EUI_CITY_ICON_ENABLE_TT">
					<CheckBox ID="ToolTipCheckbox" Anchor="R,C" Offset="300,0" LeadingOffset="-10" WrapWidth="250" String="TXT_KEY_EUI_TOOLTIP_ICON_ENABLE" ToolTip="TXT_KEY_EUI_TOOLTIP_ICON_ENABLE_TT"/>
					<CheckBox ID="UnitIconCheckbox" Anchor="R,C" Offset="600,0" LeadingOffset="-10" WrapWidth="250" String="TXT_KEY_EUI_UNIT_ICON_ENABLE" ToolTip="TXT_KEY_EUI_UNIT_ICON_ENABLE_TT"/>
				</CheckBox>
				<CheckBox ID="CivRibbonCheckbox" Anchor="R,C" LeadingOffset="-10" WrapWidth="250" String="TXT_KEY_ADVISOR_SCREEN_DIPLOMACY_LIST_DISPLAY" ToolTip="TXT_KEY_ADVISOR_SCREEN_DIPLOMACY_OVERVIEW_BODY">
					<CheckBox ID="ScoreListCheck" Anchor="R,C" Offset="300,0" LeadingOffset="-10" WrapWidth="250" String="TXT_KEY_OPSCREEN_SCORE_LIST" ToolTip="TXT_KEY_OPSCREEN_SCORE_LIST_TT" />
					<CheckBox ID="MPScoreListCheck" Anchor="R,C" Offset="600,0" LeadingOffset="-10" WrapWidth="250" String="TXT_KEY_OPSCREEN_MP_SCORE_LIST" ToolTip="TXT_KEY_OPSCREEN_MP_SCORE_LIST_TT" />
				</CheckBox>
				<CheckBox ID="UnitTypesCheckbox" Anchor="R,C" String="TXT_KEY_EUI_UNIT_TYPES" LeadingOffset="-10" WrapWidth="250" ToolTip="TXT_KEY_EUI_UNIT_TYPES_TT">
					<CheckBox ID="UnitRibbonCheckbox" Anchor="R,C" Offset="300,0" LeadingOffset="-10" WrapWidth="250" String="TXT_KEY_ADVISOR_SCREEN_UNIT_LIST_DISPLAY" ToolTip="TXT_KEY_ADVISOR_SCREEN_UNIT_LIST_BODY"/>
					<CheckBox ID="CityRibbonCheckbox" Anchor="R,C" Offset="600,0" LeadingOffset="-10" WrapWidth="250" String="TXT_KEY_ADVISOR_SCREEN_CITY_LIST_DISPLAY" ToolTip="TXT_KEY_ADVISOR_SCREEN_CITY_LIST_BODY"/>
				</CheckBox>
				<CheckBox ID="AutoClosePolicyScreenCheckbox" Anchor="R,C" LeadingOffset="-10" WrapWidth="250" String="TXT_KEY_EUI_CLOSE_POLICY_SCREEN" ToolTip="TXT_KEY_EUI_CLOSE_POLICY_SCREEN_TT">
					<CheckBox ID="PolicyInfo" Anchor="R,C" Offset="300,0" LeadingOffset="-10" WrapWidth="500" String="TXT_KEY_OPSCREEN_SHOW_ALL_POLICY_INFO" ToolTip="TXT_KEY_OPSCREEN_SHOW_ALL_POLICY_INFO_TT"/>
					<CheckBox ID="PolicyConfirmCheckbox" Anchor="R,C" Offset="600,0" LeadingOffset="-10" WrapWidth="250" String="TXT_KEY_EUI_POLICY_CONFIRM" ToolTip="TXT_KEY_EUI_POLICY_CONFIRM_TT"/>
				</CheckBox>
				<CheckBox ID="AutoCloseCityScreenCheckbox" Anchor="R,C" LeadingOffset="-10" WrapWidth="250" String="TXT_KEY_EUI_CLOSE_CITY_SCREEN" ToolTip="TXT_KEY_EUI_CLOSE_CITY_SCREEN_TT">
					<CheckBox ID="AutoCloseTechTreeCheckbox" Anchor="R,C" Offset="300,0" LeadingOffset="-10" WrapWidth="250" String="TXT_KEY_EUI_CLOSE_TECH_TREE" ToolTip="TXT_KEY_EUI_CLOSE_TECH_TREE_TT"/>
					<CheckBox ID="AutoCloseCityStateCheckbox" Anchor="R,C" Offset="600,0" LeadingOffset="-10" WrapWidth="250" String="TXT_KEY_EUI_CLOSE_CITY_STATE" ToolTip="TXT_KEY_EUI_CLOSE_CITY_STATE_TT"/>
				</CheckBox>
				<CheckBox ID="CityAdvisorCheckbox" Anchor="R,C" LeadingOffset="-10" WrapWidth="250" String="TXT_KEY_EUI_CITYVIEW_ADVISORS" ToolTip="TXT_KEY_EUI_CITYVIEW_ADVISORS_TT">
					<CheckBox ID="NoCitizenWarningCheckbox" Anchor="R,C" Offset="300,0" LeadingOffset="-10" WrapWidth="500" String="TXT_KEY_EUI_CITYVIEW_CITIZEN_ALLOCATION" ToolTip="TXT_KEY_EUI_CITYVIEW_CITIZEN_ALLOCATION_TT"/>
				</CheckBox>
				<CheckBox ID="NextCityProductionCheckbox" Anchor="R,C" String="TXT_KEY_EUI_NEXT_CITY_PRODUCTION" ToolTip="TXT_KEY_EUI_NEXT_CITY_PRODUCTION_TT"/>
				<CheckBox ID="ResetCityPlotPurchaseCheckbox" Anchor="R,C" String="TXT_KEY_EUI_RESET_CITY_PLOT_PURCHASE" ToolTip="TXT_KEY_EUI_RESET_CITY_PLOT_PURCHASE_TT"/>

				<CheckBox ID="ShowResources" Anchor="R,C" String="TXT_KEY_MAP_OPTIONS_RESOURCE_ICONS" ToolTip="TXT_KEY_MAP_OPTIONS_RESOURCE_ICONS_TT" Hidden="1"/>
				<CheckBox ID="ShowCityBanners" Anchor="R,C" String="TXT_KEY_EUI_CITY_BANNERS" Hidden="1"/>
				<CheckBox ID="ShowUnitFlags" Anchor="R,C" String="TXT_KEY_MAP_OPTIONS_UNIT_FLAGS" ToolTip="TXT_KEY_MAP_OPTIONS_UNIT_FLAGS_TT" Hidden="1"/>
				<CheckBox ID="PlotHelpToolTip" Anchor="R,C" String="TXT_KEY_EUI_PLOT_HELP_TOOLTIP" Hidden="1"/>
				<CheckBox ID="ShowYield" Anchor="R,C" String="TXT_KEY_MAP_OPTIONS_YIELD_ICONS" ToolTip="TXT_KEY_MAP_OPTIONS_YIELD_ICONS_TT" Hidden="1"/>
				<CheckBox ID="ShowGrid" Anchor="R,C" String="TXT_KEY_MAP_OPTIONS_HEX_GRID" ToolTip="TXT_KEY_MAP_OPTIONS_HEX_GRID_TT" Hidden="1"/>
				<CheckBox ID="ShowTrade" Anchor="R,C" String="TXT_KEY_MAP_OPTIONS_TRADE_ROUTES" ToolTip="TXT_KEY_MAP_OPTIONS_TRADE_ROUTES_TT" Hidden="1"/>
				<CheckBox ID="HideRecommendation" Anchor="R,C" String="TXT_KEY_MAP_OPTIONS_RECOMMENDATIONS" ToolTip="TXT_KEY_MAP_OPTIONS_RECOMMENDATIONS_TT" Hidden="1"/>
			</Stack>

			<ScrollBar Style="VertSlider" Anchor="R,C" AnchorSide="O,I" Length="424"/>
			<UpButton Anchor="R,T" AnchorSide="O,I" Style="ScrollBarUp"/>
			<DownButton Anchor="R,B" AnchorSide="O,I" Style="ScrollBarDown"/>
		</ScrollPanel>

		<!-- Video Options -->
		<Container ID="VideoPanel" Size="971,500" Offset="0,44" Hidden="1" >

			<!-- Resolution Options-->
			<Grid Offset="40,50" Size="395,200" Color="White,128" Style="Grid9FrameButtons" >
				<Stack Anchor ="R,T" Offset ="10,20">
					<PullDown ID="FSResolutionPull" Style="GenericPullDown" ScrollThreshold="200" SpaceForScroll="0" Size="210,32" >
						<Label Anchor="R,C" Offset="220,0" String="TXT_KEY_OPSCREEN_RESOLUTION" />
					</PullDown>
					<PullDown ID="WResolutionPull" Style="GenericPullDown" ScrollThreshold="200" SpaceForScroll="0" Size="210,32" Hidden="1" >
						<Label Anchor="R,C" Offset="220,0" String="TXT_KEY_OPSCREEN_RESOLUTION" />
					</PullDown>
					<PullDown ID="MSAAPull" Style="GenericPullDown" Anchor="R,T" Offset="0,4" ScrollThreshold="200" SpaceForScroll="0" Size="130,32" Hidden="0" >
						<Label Anchor="R,C" Offset="140,0" String="TXT_KEY_OPSCREEN_MSAA" />
					</PullDown>
					<CheckBox ID="FullscreenCheck" Anchor="R,T" String="TXT_KEY_OPSCREEN_FULLSCREEN" IsChecked="0" />
				</Stack>
				<GridButton ID="ApplyResButton" Anchor="C,B" Size="200,32" Offset="0,20" Style="SmallButton" ToolTip="TXT_KEY_OPSCREEN_APPLY_RESOLUTION_TT">
					<Label Anchor="C,C" String="TXT_KEY_OPSCREEN_APPLY_RESOLUTION" Font="TwCenMT18" ColorSet="Beige_Black_Alpha" FontStyle="Shadow" />
				</GridButton>
			</Grid>

			<!-- Other Video Options-->
			<Stack Offset="546,270" Anchor="R,T">
				<CheckBox ID="VSyncCheck" Anchor="R,T" String="TXT_KEY_OPSCREEN_VSYNC" IsChecked="1" ToolTip="TXT_KEY_OPSCREEN_RESTART_REQ_TT" />
				<CheckBox ID="HDStratCheck" Anchor="R,T" String="TXT_KEY_OPSCREEN_HIGH_DETAIL_STRAT_VIEW" IsChecked="0" ToolTip="TXT_KEY_OPSCREEN_HIGH_DETAIL_STRAT_VIEW_TT" />
				<CheckBox ID="GPUDecodeCheck" Anchor="R,T" String="TXT_KEY_OPSCREEN_GPU_TEXTURE_DECODE" IsChecked="0" ToolTip="TXT_KEY_OPSCREEN_GPU_TEXTURE_DECODE_TT" />
				<CheckBox ID="MinimizeGrayTilesCheck" Anchor="R,T" String="TXT_KEY_OPSCREEN_MINIMIZE_GRAY_TILES" IsChecked="0" ToolTip="TXT_KEY_OPSCREEN_MINIMIZE_GRAY_TILES_TT"/>
				<CheckBox ID="FadeShadowsCheck" Anchor="R,T" String="TXT_KEY_OPSCREEN_FADE_SHADOWS" IsChecked="0" ToolTip="TXT_KEY_OPSCREEN_FADE_SHADOWS_TT"/>
				<CheckBox ID="AutoUIAssetsCheck" Anchor="R,T" String="TXT_KEY_OPSCREEN_AUTOSIZE_UI" IsChecked="1" ToolTip="TXT_KEY_OPSCREEN_AUTOSIZE_UI_TT" />
				<CheckBox ID="SmallUIAssetsCheck" Anchor="R,T" Offset="0,-10" String="TXT_KEY_OPSCREEN_USE_SMALL_UI" Font="TwCenMT16" IsChecked="0" NoStateChange="1" Disabled="1" ToolTip="TXT_KEY_OPSCREEN_USE_SMALL_UI_TT" />
			</Stack>

			<Stack Offset="700,50" Padding="10" >
				<PullDown ID="LeaderPull" Style="GenericPullDown" ScrollThreshold="200" SpaceForScroll="0" Size="230,32" >
					<Label Anchor="R,C" Offset="240,0" LeadingOffset="-10" WrapWidth="250" String="TXT_KEY_OPSCREEN_LEADER_QUALITY" />
				</PullDown>

				<PullDown ID="OverlayPull" Style="GenericPullDown" ScrollThreshold="200" SpaceForScroll="0" Size="230,32" >
					<Label Anchor="R,C" Offset="240,0" LeadingOffset="-10" WrapWidth="250" String="TXT_KEY_OPSCREEN_OVERLAY_DETAIL" />
				</PullDown>

				<PullDown ID="ShadowPull" Style="GenericPullDown" ScrollThreshold="200" SpaceForScroll="0" Size="230,32" >
					<Label Anchor="R,C" Offset="240,0" LeadingOffset="-10" WrapWidth="250" String="TXT_KEY_OPSCREEN_SHADOW_QUALITY" />
				</PullDown>

				<PullDown ID="FOWPull" Style="GenericPullDown" ScrollThreshold="200" SpaceForScroll="0" Size="230,32" >
					<Label Anchor="R,C" Offset="240,0" LeadingOffset="-10" WrapWidth="250" String="TXT_KEY_OPSCREEN_FOW_QUALITY" />
				</PullDown>

				<PullDown ID="TerrainDetailPull" Style="GenericPullDown" ScrollThreshold="200" SpaceForScroll="0" Size="230,32" >
					<Label Anchor="R,C" Offset="240,0" LeadingOffset="-10" WrapWidth="250" String="TXT_KEY_OPSCREEN_TERRAIN_DETAIL_LEVEL" />
				</PullDown>

				<PullDown ID="TerrainTessPull" Style="GenericPullDown" ScrollThreshold="200" SpaceForScroll="0" Size="230,32" >
					<Label Anchor="R,C" Offset="240,0" LeadingOffset="-10" WrapWidth="250" String="TXT_KEY_OPSCREEN_TERRAIN_TESS_LEVEL" />
				</PullDown>

				<PullDown ID="TerrainShadowPull" Style="GenericPullDown" ScrollThreshold="200" SpaceForScroll="0" Size="230,32" >
					<Label Anchor="R,C" Offset="240,0" LeadingOffset="-10" WrapWidth="250" String="TXT_KEY_OPSCREEN_TERRAIN_SHADOW_QUALITY" />
				</PullDown>

				<PullDown ID="WaterPull" Style="GenericPullDown" ScrollThreshold="200" SpaceForScroll="0" Size="230,32" >
					<Label Anchor="R,C" Offset="240,0" LeadingOffset="-10" WrapWidth="250" String="TXT_KEY_OPSCREEN_WATER_QUALITY" />
				</PullDown>

				<PullDown ID="TextureQualityPull" Style="GenericPullDown" ScrollThreshold="200" SpaceForScroll="0" Size="230,32" >
					<Label Anchor="R,C" Offset="240,0" LeadingOffset="-10" WrapWidth="250" String="TXT_KEY_OPSCREEN_TEXTURE_QUALITY" />
				</PullDown>

			</Stack>
			<Box ID="VideoPanelBlock" Offset="16,28" Size="928,460" Color="Black.200" Hidden="1" ConsumeMouse="1" >
				<Label Font="TwCenMT24" Offset="0,30" Anchor="C,T" String="TXT_KEY_OPSCREEN_VDOP_DISABLED" />
			</Box>
		</Container>

		<!-- Audio Options -->
		<Container ID="AudioPanel" Size="971,500" Hidden="1" >

			<Stack Anchor="C,T" Padding="12" Offset="0,130" >
				<GridButton ID="AudioNextSong" Size="260,45" Style="BaseButton" String="TXT_KEY_EUI_PLAY_NEXT_SONG"/>

				<Label ID="MusicVolumeSliderValue" Anchor="L,C" Offset="0,20" />
				<Slider ID="MusicVolumeSlider" Length="500" Style="Slider" WheelSteps="1" />

				<Label ID="EffectsVolumeSliderValue" Anchor="L,C" Offset="0,20" />
				<Slider ID="EffectsVolumeSlider" Length="500" Style="Slider" WheelSteps="1" />

				<Label ID="AmbienceVolumeSliderValue" Anchor="L,C" Offset="0,20" />
				<Slider ID="AmbienceVolumeSlider" Length="500" Style="Slider" WheelSteps="1" />

				<Label ID="SpeechVolumeSliderValue" Anchor="L,C" Offset="0,20" />
				<Slider ID="SpeechVolumeSlider" Length="500" Style="Slider" WheelSteps="1" />
			</Stack>

		</Container>

		<!-- Multiplayer Options -->
		<Container ID="MultiplayerPanel" Size="971,500" Hidden="1" >

			<!-- Turn Notify Options -->
			<Grid Offset="40,100" Size="395,200" Color="White,128" Style="Grid9FrameButtons" >
			<Label Anchor="C,T" Offset="0,5" LeadingOffset="-10" WrapWidth="250" String="TXT_KEY_OPSCREEN_TURN_NOTIFY_OPTIONS" />
			<Box Anchor="C,T" Offset="0,30" Size="375,160" Color="0,0,0,0">
				<Stack Anchor="L,T" Padding="0" StackGrowth="Bottom">
				<CheckBox ID="TurnNotifySteamInviteCheckbox" Anchor="R,T" Offset="-32,0" String="TXT_KEY_OPSCREEN_TURN_NOTIFY_STEAM_INVITE" LeadingOffset="-10" WrapWidth="350" ToolTip="TXT_KEY_OPSCREEN_TURN_NOTIFY_STEAM_INVITE_TT" />
				<CheckBox ID="TurnNotifyEmailCheckbox" Anchor="R,T" Offset="-32,0" String="TXT_KEY_OPSCREEN_TURN_NOTIFY_EMAIL" LeadingOffset="-10" WrapWidth="350" ToolTip="TXT_KEY_OPSCREEN_TURN_NOTIFY_EMAIL_TT" />
				<Label Anchor="L,T" Offset="0,10" LeadingOffset="-10" WrapWidth="300" String="TXT_KEY_OPSCREEN_TURN_NOTIFY_EMAIL_ADDRESS" ToolTip="TXT_KEY_OPSCREEN_TURN_NOTIFY_EMAIL_ADDRESS_TT" >
					<Box Anchor="R,C" AnchorSide="o,i" Offset="10,0" Size="184,24" Color="255,255,200,255" >
					<Box Anchor="C,C" Size="182,22" Color="0,0,0,255" >
						<EditBox ID="TurnNotifyEmailAddressEdit" FocusStop="0" EditMode="1" Size="180,18" Anchor="C,C" Font="TwCenMT16" NumberInput="0" MaxLength="64" />
					</Box>
					</Box>
				</Label>
				</Stack>
			</Box>
			</Grid>

			<!-- Turn Notify Host Options -->
			<Grid Offset="440,100" Size="460,280" Color="White,128" Style="Grid9FrameButtons" >
			<Label Anchor="C,T" Offset="0,5" LeadingOffset="-10" WrapWidth="250" String="TXT_KEY_OPSCREEN_TURN_NOTIFY_HOST_OPTIONS" />
			<Stack Anchor="L,T" Offset="10,30" Padding="10" StackGrowth="Bottom">
				<Label Anchor="L,C" Offset="0,10" LeadingOffset="-10" WrapWidth="300" String="TXT_KEY_OPSCREEN_TURN_NOTIFY_EMAIL_ADDRESS" >
				<Box Anchor="R,C" AnchorSide="o,i" Offset="10,0" Size="184,24" Color="255,255,200,255" >
					<Box Anchor="C,C" Size="182,22" Color="0,0,0,255" >
						<EditBox ID="TurnNotifySmtpEmailEdit" FocusStop="1" EditMode="1" Size="180,18" Anchor="C,C" Font="TwCenMT16" NumberInput="0" MaxLength="64" />
					</Box>
				</Box>
				</Label>
				<Label Anchor="L,C" Offset="0,10" LeadingOffset="-10" WrapWidth="300" String="TXT_KEY_OPSCREEN_TURN_NOTIFY_SMTP_HOST" ToolTip="TXT_KEY_OPSCREEN_TURN_NOTIFY_SMTP_HOST_TT" >
				<Box Anchor="R,C" AnchorSide="o,i" Offset="10,0" Size="184,24" Color="255,255,200,255" >
					<Box Anchor="C,C" Size="182,22" Color="0,0,0,255" >
						<EditBox ID="TurnNotifySmtpHostEdit" FocusStop="2" EditMode="1" Size="180,18" Anchor="C,C" Font="TwCenMT16" NumberInput="0" MaxLength="64" />
					</Box>
				</Box>
				</Label>
				<Stack Anchor="C,C" Offset="30,0" Padding="0" StackGrowth="Right">
				<CheckBox ID="TurnNotifySmtpTLS" Anchor="L,C" Offset="0,10" String="TXT_KEY_OPSCREEN_TURN_NOTIFY_SMTP_TLS" LeadingOffset="-10" WrapWidth="350" ToolTip="TXT_KEY_OPSCREEN_TURN_NOTIFY_SMTP_TLS_TT" />
				<Label Anchor="L,C" Offset="0,10" LeadingOffset="-10" WrapWidth="300" String="TXT_KEY_OPSCREEN_TURN_NOTIFY_SMTP_PORT" ToolTip="TXT_KEY_OPSCREEN_TURN_NOTIFY_SMTP_PORT_TT" >
					<Box Anchor="R,C" AnchorSide="o,i" Offset="10,0" Size="34,24" Color="255,255,200,255" >
					<Box Anchor="C,C" Size="32,22" Color="0,0,0,255" >
						<EditBox ID="TurnNotifySmtpPortEdit" FocusStop="3" EditMode="1" Size="30,18" Anchor="C,C" Font="TwCenMT16" NumberInput="0" MaxLength="64" />
					</Box>
					</Box>
				</Label>
				</Stack>
				<Label Anchor="L,C" Offset="0,10" LeadingOffset="-10" WrapWidth="300" String="TXT_KEY_OPSCREEN_TURN_NOTIFY_SMTP_USERNAME" ToolTip="TXT_KEY_OPSCREEN_TURN_NOTIFY_SMTP_USERNAME_TT" >
				<Box Anchor="R,C" AnchorSide="o,i" Offset="10,0" Size="84,24" Color="255,255,200,255" >
					<Box Anchor="C,C" Size="82,22" Color="0,0,0,255" >
						<EditBox ID="TurnNotifySmtpUserEdit" FocusStop="4" EditMode="1" Size="80,18" Anchor="C,C" Font="TwCenMT16" NumberInput="0" MaxLength="64" />
					</Box>
				</Box>
				</Label>
				<Label Anchor="L,C" Offset="0,10" LeadingOffset="-10" WrapWidth="300" String="TXT_KEY_OPSCREEN_TURN_NOTIFY_SMTP_PASSWORD" ToolTip="TXT_KEY_OPSCREEN_TURN_NOTIFY_SMTP_PASSWORD_TT" >
				<Box Anchor="R,C" AnchorSide="o,i" Offset="10,0" Size="84,24" Color="255,255,200,255" >
					<Box Anchor="C,C" Size="82,22" Color="0,0,0,255" >
						<EditBox ID="TurnNotifySmtpPassEdit" FocusStop="5" EditMode="1" CallOnChar="1" Obscure="1" Size="80,18" Anchor="C,C" Font="TwCenMT16" NumberInput="0" MaxLength="64" />
					</Box>
				</Box>
				</Label>
				<Stack Anchor="C,C" Padding="0" StackGrowth="Right">
				<Label Anchor="L,C" Offset="0,10" LeadingOffset="-10" WrapWidth="300" String="TXT_KEY_OPSCREEN_TURN_NOTIFY_SMTP_RETYPE_PASSWORD" ToolTip="TXT_KEY_OPSCREEN_TURN_NOTIFY_SMTP_RETYPE_PASSWORD_TT" />
				<Box Anchor="L,C" Offset="10,10" Size="84,24" Color="255,255,200,255" >
					<Box Anchor="C,C" Size="82,22" Color="0,0,0,255" >
						<EditBox ID="TurnNotifySmtpPassRetypeEdit" FocusStop="6" EditMode="1" CallOnChar="1" Obscure="1" Size="80,18" Anchor="C,C" Font="TwCenMT16" NumberInput="0" MaxLength="64" />
					</Box>
				</Box>
				<Label ID="StmpPasswordMatchLabel" Anchor="L,C" Offset="5,10" LeadingOffset="-10" WrapWidth="300" String="test" ToolTip="test tt" />
				</Stack>
			</Stack>
			</Grid>

			<!-- LAN Nick Name Option -->
			<Grid Offset="40,350" Size="395,200" Color="White,128" Style="Grid9FrameButtons" >
				<Label Anchor="C,T" Offset="0,5" LeadingOffset="-10" WrapWidth="250" String="TXT_KEY_MULTIPLAYER_LAN_GAME" />
				<Stack Anchor="L,T" Offset="10,30" Padding="10" StackGrowth="Bottom">
					<Label Anchor="L,C" Offset="0,10" LeadingOffset="-10" WrapWidth="300" String="TXT_KEY_MP_NICK_NAME">
						<Box Anchor="R,C" AnchorSide="o,i" Offset="10,0" Size="84,24" Color="255,255,200,255" >
							<Box Anchor="C,C"  Size="82,22" Color="0,0,0,255" >
								<EditBox ID="LANNickNameEdit" FocusStop="7" EditMode="1" Size="80,18" Anchor="C,C" Font="TwCenMT16" NumberInput="0" MaxLength="64" />
							</Box>
						</Box>
					</Label>
				</Stack>
			</Grid>
		</Container>

		<!-- Cancel Button -->
		<Box Anchor="C,B" AnchorSide="I.I" Offset="0,54" Size="910,56" Color="255,255,255,0" >
			<GridButton ID="CancelButton" Anchor="L,B" Style="SmallButton" Size="150,32" Offset="14,0" StateOffsetIncrement="0,0" >
			<Label Anchor="C,C" String="TXT_KEY_OPSCREEN_CANCEL_BUTTON" Font="TwCenMT18" ColorSet="Beige_Black_Alpha" FontStyle="Shadow" />
			</GridButton>
		</Box>

		<!-- Defaults Button -->
		<GridButton ID="DefaultButton" Anchor="C,B" Size="200,32" Offset="0,54" Style="SmallButton" ToolTip="TXT_KEY_OPSCREEN_DEFAULTS_BUTTON_TT">
			<Label Anchor="C,C" String="TXT_KEY_OPSCREEN_DEFAULTS_BUTTON" Font="TwCenMT18" ColorSet="Beige_Black_Alpha" FontStyle="Shadow" />
		</GridButton>

		<!-- Accept Button -->
		<GridButton ID="AcceptButton" Anchor="R,B" Offset="38,54" Size="260,45" Style="BaseButton" String="TXT_KEY_OPSCREEN_SAVE_BUTTON" ToolTip="TXT_KEY_OPSCREEN_SAVE_BUTTON_TT" />
	</Grid>

	<!-- Graphics options changed popup -->
	<Box ID="GraphicsChangedPopup" Color="Black.128" Size="Full.Full" Hidden="1" ConsumeMouseOver="1" >
		<Grid Size="400,225" Anchor="C,C" Padding="0,20" Style="Grid9DetailFive140" Hidden="0" >

			<!-- Side treatments -->
			<Box Style="PopupLeftSideTreatment"/>
			<Box Style="PopupRightSideTreatment"/>
			<Box Style="PopupNotificationTopTreatment"/>

			<Label ID="GraphicsChangedMessage" Anchor="C,T" Offset="0,60" LeadingOffset="-10" WrapWidth="300" String="TXT_KEY_OPSCREEN_VDOP_RESTART" Font="TwCenMT20" ColorSet="Beige_Black_Alpha" FontStyle="Shadow" />

			<!-- OK Button -->
			<GridButton ID="GraphicsChangedOK" Style="BaseButton" Size="300,30" Anchor="C,B" Offset="0,60" Hidden="0">
			<Label Anchor="C,C" String="TXT_KEY_OK_BUTTON" ColorSet="Beige_Black" Font="TwCenMT20" FontStyle="Shadow" />
			</GridButton>
		</Grid>
	</Box>

	<!-- Resolution/Language Countdown -->
	<Box ID="Countdown" Color="Black.128" Size="Full.Full" Hidden="1" ConsumeMouseOver="1" >
		<Grid Size="400,300" Anchor="C,C" Padding="0,20" Style="Grid9DetailFive140" Hidden="0" >

			<!-- Side treatments -->
			<Box Style="PopupLeftSideTreatment"/>
			<Box Style="PopupRightSideTreatment"/>
			<Box Style="PopupNotificationTopTreatment"/>

			<Stack ID="LabelStack" Anchor="C,T" Offset="0,60" Padding="10" StackGrowth="Bottom">
			<Label ID="CountdownMessage" Anchor="C,T" LeadingOffset="-10" WrapWidth="300" Font="TwCenMT20" ColorSet="Beige_Black_Alpha" FontStyle="Shadow" />
			<Label ID="CountdownTimer" Anchor="C,T" LeadingOffset="-10" WrapWidth="300" Font="TwCenMT24" ColorSet="Beige_Black_Alpha" FontStyle="Shadow" />
			</Stack>

			<Stack ID="ButtonStack" Anchor="C,B" Offset="0,60" Padding="10" StackGrowth="Bottom">
			<!-- Yes Button -->
			<GridButton ID="CountYes" Style="BaseButton" Size="300,30" Anchor="C,T" Hidden="0">
				<Label Anchor="C,C" ColorSet="Beige_Black" Font="TwCenMT20" FontStyle="Shadow" />
			</GridButton>
			<!-- No Button -->
			<GridButton ID="CountNo" Style="BaseButton" Size="300,30" Anchor="C,T" Hidden="0">
				<Label Anchor="C,C" ColorSet="Beige_Black" Font="TwCenMT20" FontStyle="Shadow" />
			</GridButton>
			</Stack>
		</Grid>
	</Box>

</Context>
